Customer Name,Age,Insurance Type,Annual Premium (AUD),Claim Amount (AUD),Claim Status,Product Tier,Risk Score,Country
Caitlin Henderson,51,Home,961.16,6409.96,Approved,Standard,0.9,Australia
George Owen,57,Home,735.15,18936.43,Approved,Basic,0.95,Australia
Mrs. Sarah Smith MD,33,Life,3817.66,16265.9,Approved,Gold,0.08,Australia
Katelyn Wilson,38,Health,2946.32,15382.5,Approved,Standard,0.13,Australia
Danielle Arnold,27,Life,4076.51,7767.14,Approved,Premium,0.37,Australia
James Aguirre,75,Home,3993.37,8912.52,Approved,Basic,0.75,Australia
Angelica Kelly,24,Home,2390.03,9276.02,Approved,Standard,0.52,Australia
Alexander Wood,27,Travel,2177.07,11693.81,Approved,Premium,0.98,Australia
Katherine Hudson,44,Health,1852.75,16611.02,Approved,Standard,0.89,Australia
Neil Rivera,31,Health,1505.7,17687.17,Approved,Gold,0.14,Australia
Derrick Miller,29,Car,1653.97,19322.54,Rejected,Gold,0.4,Australia
Carl Simpson,44,Health,3564.88,11600.34,Approved,Premium,0.87,Australia
Bethany Adkins,52,Life,2980.71,14190.91,Approved,Gold,0.45,Australia
Kayla Rodriguez,32,Life,353.64,17509.11,Approved,Gold,0.71,Australia
Dennis Smith,34,Life,3038.81,8272.95,Pending,Gold,0.31,Australia
Jeremy Walker,37,Travel,1260.67,13600.11,Approved,Gold,0.86,Australia
Elizabeth Johnson,29,Life,1123.8,1541.44,Pending,Standard,0.22,Australia
Eric Terry,34,Health,1867.66,16648.11,Rejected,Gold,0.68,Australia
Laura Manning,61,Travel,1957.29,1136.71,Approved,Premium,0.82,Australia
Kenneth Howard,20,Health,3638.12,11381.45,Approved,Gold,0.39,Australia
Kelly Myers,20,Health,1767.83,17627.62,Approved,Premium,0.05,Australia
Justin Mcknight,70,Life,2480.98,18954.84,Rejected,Gold,0.21,Australia
Stanley Wheeler,64,Car,3504.63,7365.8,Approved,Gold,0.34,Australia
Justin Scott,41,Travel,4584.46,3722.65,Approved,Premium,0.58,Australia
Brian Harris,39,Health,753.45,3224.02,Approved,Standard,0.23,Australia
Wayne Valentine,66,Life,4141.34,17117.54,Rejected,Basic,0.7,Australia
Suzanne Carter,26,Car,461.95,3177.46,Approved,Gold,0.32,Australia
Brandon Melton,20,Life,2590.96,18763.04,Approved,Basic,0.16,Australia
Allen Barker,45,Health,1739.08,4375.84,Approved,Gold,0.05,Australia
Tammy Bryant,49,Health,3707.96,14230.2,Pending,Basic,0.98,Australia
Maria Anderson,59,Travel,4735.18,9508.34,Approved,Standard,0.34,Australia
Steven Conner,64,Health,1750.71,4790.79,Approved,Gold,0.12,Australia
Timothy Melton,56,Health,959.34,16870.3,Approved,Gold,0.78,Australia
Katrina Howell,20,Health,1963.26,1147.41,Approved,Gold,0.27,Australia
Hannah Larsen,20,Health,3107.41,1215.92,Rejected,Gold,0.75,Australia
Veronica Ortiz,19,Travel,1550.93,6199.24,Approved,Standard,0.54,Australia
Benjamin Patterson,37,Car,1814.65,4436.04,Approved,Gold,0.66,Australia
Travis Patton,22,Car,939.04,12102.01,Rejected,Premium,0.13,Australia
Pamela Clark,24,Travel,2318.04,3213.77,Pending,Basic,0.49,Australia
Amy Kelly,33,Home,2302.17,11975.22,Approved,Basic,0.03,Australia
Kevin Blankenship,72,Home,919.5,129.73,Approved,Premium,1,Australia
Heather Graham,20,Life,1781.78,7565.72,Approved,Basic,0.11,Australia
Beth Li,33,Health,3590.08,1931.59,Approved,Standard,0.85,Australia
Elizabeth Gonzales,20,Life,792,12900.49,Approved,Standard,0.78,Australia
Christopher Rowland,49,Life,2725.24,6834.66,Approved,Standard,0.9,Australia
Alexis Hall,53,Home,4884.63,1701.62,Rejected,Premium,0.72,Australia
Dale Williams,43,Life,1877.22,14493.26,Pending,Gold,0.13,Australia
Michelle West,67,Health,746.27,1473.59,Approved,Gold,0.97,Australia
Brian Rowe,70,Health,3024.43,9362.37,Approved,Basic,0.49,Australia
Phillip Tapia,24,Car,1395.96,15553.99,Approved,Basic,0.37,Australia
Jared Garcia,41,Car,3584.29,9777.86,Pending,Premium,0.19,Australia
Charles Brown,68,Home,3758.75,18179.61,Pending,Premium,0.1,Australia
Karen Crosby,20,Health,1941.84,143.57,Approved,Basic,0.9,Australia
Andrew Walker,28,Life,1629.55,10725.9,Approved,Basic,0.93,Australia
Paul Smith,50,Car,4463.54,4170.12,Approved,Standard,0.8,Australia
Justin Hill,34,Travel,3478.49,1729.71,Approved,Premium,0.59,Australia
Mr. Raymond Hernandez,65,Health,2562.72,19579.55,Approved,Basic,0.42,Australia
Lee Phillips,37,Life,3730.75,19398.28,Rejected,Standard,0.79,Australia
Brent West,37,Home,3364.59,11939.27,Approved,Standard,0.75,Australia
Mark Tate,53,Travel,3947.6,6540.75,Rejected,Premium,0.26,Australia
Heather Reid,62,Home,4513.49,1234.47,Approved,Standard,0.36,Australia
Elizabeth Brown,56,Car,2380.03,7910.44,Rejected,Standard,0.4,Australia
Catherine Perry,65,Travel,3429.84,16253.63,Approved,Basic,0.75,Australia
Natalie Hughes,39,Travel,4499.92,4671.64,Rejected,Gold,0.54,Australia
James King,21,Car,4501.5,13603.2,Pending,Gold,0.65,Australia
Kristina Thompson,37,Health,2301.62,16608.37,Approved,Premium,0.02,Australia
Erica Ferguson,42,Travel,4430.25,10816.14,Approved,Premium,1,Australia
Erica Hensley,70,Travel,2380.15,8776.42,Pending,Basic,0.66,Australia
Donald Douglas,73,Car,2885.84,14722.6,Approved,Premium,0.92,Australia
Brandon Gilbert,52,Health,566.24,11484.1,Pending,Premium,0.93,Australia
Marc Bell,54,Travel,1815.71,951.93,Pending,Standard,0.84,Australia
Amy Smith,56,Health,3344.8,1258.33,Approved,Basic,0,Australia
Joshua Barnes,43,Travel,2744.65,13185.87,Approved,Gold,0.78,Australia
William Padilla,36,Car,2695.46,1014.1,Pending,Premium,0.76,Australia
Johnny Dillon,59,Car,2794.78,3310.09,Approved,Basic,0.48,Australia
Amy Edwards,62,Car,1409.63,9887.28,Pending,Basic,0.37,Australia
Oscar Clark,51,Home,781.88,18543.29,Pending,Gold,0.76,Australia
Raymond Barnett,31,Car,4762.01,16389.96,Approved,Basic,0.67,Australia
Susan Clark,72,Travel,828.03,453.7,Approved,Premium,0.92,Australia
Melinda Taylor,50,Travel,3138.15,10252.02,Approved,Premium,0.73,Australia
Robert Choi,35,Travel,3231.56,6006,Approved,Gold,0.51,Australia
James Coleman,60,Travel,3712.74,4962.25,Rejected,Premium,0.86,Australia
Kaitlyn White,19,Travel,435.33,2270.78,Approved,Gold,0.39,Australia
Mark Matthews,33,Car,4744.29,290.81,Pending,Gold,0.77,Australia
Victoria Simon,27,Life,1954.96,14107.56,Approved,Premium,0.34,Australia
Tracey Hood,41,Home,4597.75,829.49,Rejected,Basic,0.53,Australia
Ronald Young,52,Home,435.21,413.28,Approved,Premium,0.43,Australia
Christopher Smith,46,Home,4106.62,4929.44,Approved,Basic,0.49,Australia
Henry Blair,64,Life,4044.37,15675.34,Approved,Basic,0.9,Australia
Shannon Ellis,23,Health,488.55,3608.42,Rejected,Basic,0.47,Australia
Megan Clark,58,Travel,2612.47,7894.25,Approved,Premium,0.86,Australia
Luke Smith,40,Travel,3143.14,13370.16,Rejected,Standard,0.88,Australia
Diana Armstrong,57,Life,3629.75,1423.78,Pending,Premium,0.05,Australia
Andrew Craig,49,Health,3583.36,4507.33,Approved,Standard,0.25,Australia
Tracy Howard,48,Car,3645.56,3969.07,Approved,Premium,0.98,Australia
Mark Hurst,52,Life,3287.92,7411.7,Approved,Basic,0.02,Australia
Cynthia Combs,55,Health,4806.84,16174.14,Approved,Premium,0.69,Australia
Jennifer Castillo MD,22,Travel,2578.21,18260.58,Approved,Standard,0.76,Australia
Michael Graves,44,Home,3901.72,13837.11,Rejected,Basic,0.51,Australia
Jamie Haney,43,Travel,530.72,11668.22,Rejected,Basic,0.06,Australia
Kathleen Tate,53,Life,2404.42,15993.84,Pending,Standard,0.46,Australia
Brandy Brown,27,Life,3615.11,6758.85,Rejected,Standard,0.32,Australia
Christine Morgan MD,65,Home,4913.52,4936.25,Approved,Basic,0.7,Australia
Greg Johnson,66,Travel,4544.48,7373.56,Approved,Basic,0.88,Australia
Austin Silva,62,Health,2717.66,5446.52,Rejected,Basic,0.04,Australia
Jordan Hill,30,Car,546.8,2595.07,Approved,Gold,0.37,Australia
Joanne Lang,73,Car,2941.15,3097.89,Approved,Premium,1,Australia
Dawn Collins,53,Car,4180.99,16041.31,Pending,Basic,0.03,Australia
Michelle Perry,27,Health,2616.26,7717.92,Approved,Gold,0.11,Australia
Stephanie Rowe,21,Car,1678.11,1947.04,Pending,Standard,0.06,Australia
Karina Harris,54,Home,2847.19,1587.7,Approved,Standard,0.76,Australia
Michael Webster,61,Health,3869.47,8798.91,Rejected,Basic,0.72,Australia
Joshua Smith,43,Home,4081.98,15514.93,Rejected,Gold,0.25,Australia
Kevin Kline,37,Home,2542.35,5193.97,Approved,Gold,0.82,Australia
Kristen Richardson,44,Home,4561,10269.44,Pending,Premium,0.96,Australia
Christopher Bright,69,Car,4315.64,2181.33,Approved,Gold,0.98,Australia
Debra Hamilton,60,Travel,3192.73,9747.35,Approved,Basic,0.11,Australia
Jill Terry,50,Life,4450.95,4721.67,Approved,Gold,0.24,Australia
Jose Hood,28,Health,3615.82,18608.4,Pending,Standard,0.04,Australia
Samantha Garcia,40,Health,2179.84,6890.85,Approved,Basic,0.43,Australia
Darlene Huffman,30,Travel,3232.4,890.28,Approved,Gold,0.38,Australia
Lisa Diaz,53,Health,1391.47,3601.96,Pending,Basic,0.79,Australia
Stephanie Robinson,65,Car,1344.16,11019.11,Approved,Gold,0.54,Australia
Michelle Wright,19,Travel,4529.17,5468.75,Rejected,Gold,0.99,Australia
Latoya Brown,54,Car,888.47,12633.15,Approved,Gold,0.09,Australia
Kristina Davis,70,Home,4825.98,18996.79,Pending,Premium,0.08,Australia
Jennifer Wong,30,Home,1603.18,17226.09,Pending,Premium,0.98,Australia
Catherine Morris,36,Car,656.65,12230.02,Approved,Premium,0.2,Australia
Rachel Cooley,58,Car,2215.18,17090.15,Approved,Standard,0.74,Australia
David Duke,29,Life,4292.79,10521.84,Approved,Basic,0.48,Australia
William Spears,61,Travel,783,57.16,Approved,Premium,0.15,Australia
Melissa Edwards,73,Home,2505.44,2822.28,Approved,Premium,0.11,Australia
Eric Steele,36,Life,4424.32,4779.98,Approved,Standard,0.2,Australia
Kristina Hill,75,Life,1518.56,9521.68,Pending,Gold,0.8,Australia
Tammy Roberts,71,Home,477.68,3784.5,Rejected,Premium,0.89,Australia
Megan Rice,35,Health,3896.35,4571.79,Approved,Premium,0.31,Australia
John Cantu,58,Home,1565.12,8664.78,Approved,Gold,0.18,Australia
Leah Randall,40,Travel,4588.64,18505.17,Rejected,Basic,0.82,Australia
Paul Wilcox DDS,62,Life,3653.94,15450.29,Pending,Basic,0.83,Australia
Christine Chang,61,Health,1882.4,1442.4,Approved,Basic,0.42,Australia
Brett Burnett,47,Travel,4286.04,5120.22,Rejected,Premium,0.33,Australia
Lee Carrillo,58,Car,4135.88,7874.92,Approved,Basic,0.56,Australia
Stephanie Conrad,57,Car,1932.44,2857.79,Approved,Premium,0.59,Australia
Elizabeth Reynolds,40,Home,1239.53,9611.19,Approved,Basic,0.95,Australia
Michele Harrington,25,Life,3792.08,9525.46,Approved,Standard,0.9,Australia
Tracy Hebert,20,Health,2527.78,18009.83,Approved,Standard,0.99,Australia
Theresa Mcintosh,64,Health,3864.7,6858.97,Approved,Gold,0.31,Australia
Nancy Thompson,43,Health,4732.98,14867.49,Approved,Standard,0.13,Australia
Reginald Brown,19,Life,1370.39,816.95,Approved,Standard,0.27,Australia
Stephen Gonzalez,48,Car,3201.85,14910.33,Rejected,Basic,0.89,Australia
Lauren Charles,56,Travel,1012.9,16315.04,Approved,Gold,0.83,Australia
Michael Nelson,34,Life,4988.28,3699.72,Approved,Standard,0.23,Australia
Ashley Austin,27,Life,458.53,13416.62,Rejected,Basic,0.84,Australia
James Byrd,28,Health,403.94,19987.14,Pending,Gold,0.82,Australia
Amanda Murray,35,Life,2255.77,8237.98,Approved,Gold,0.71,Australia
Joseph Smith,56,Car,3650.61,2317.19,Approved,Basic,0.76,Australia
Jill Barron,29,Home,4596.91,1922.02,Approved,Gold,0.44,Australia
Nathan Li,64,Travel,2809.45,18494.7,Rejected,Basic,0.5,Australia
Molly Dudley,29,Travel,2895.87,6990.8,Approved,Gold,0.99,Australia
Amy Martin,53,Car,4212.98,16303.52,Approved,Standard,0.34,Australia
Michael Randall,59,Travel,1051.29,17233.33,Approved,Basic,0.34,Australia
Sandra Gonzalez,43,Life,3527.01,18111.84,Rejected,Standard,0.48,Australia
Sabrina Mcintosh,52,Car,1630.99,12060.95,Approved,Basic,0.08,Australia
Donna Griffith,61,Health,4655.25,625.25,Approved,Premium,0.36,Australia
Ronald James,39,Life,2491.95,15942.96,Pending,Premium,0.3,Australia
Tiffany Kennedy,55,Home,2475.19,17068.4,Approved,Basic,0.82,Australia
Julie Jones,51,Travel,3675.73,9191.6,Pending,Basic,0.02,Australia
Richard George,32,Car,3050.64,5187.78,Approved,Standard,0.07,Australia
Martha Davis,60,Life,1124.01,10965.53,Approved,Premium,0.86,Australia
Jennifer Villa,58,Home,2713.45,15401.46,Approved,Gold,0.18,Australia
Amber Gutierrez,48,Life,2811.62,9675.16,Approved,Gold,0.42,Australia
Anna Rodriguez,50,Car,1809.01,9931.38,Approved,Premium,0.85,Australia
Renee Johnson,37,Car,4468.37,19091.29,Rejected,Gold,0.38,Australia
Destiny Nelson,41,Health,4128.3,9311.38,Approved,Standard,0.02,Australia
Jessica White,24,Car,3267.49,4538.24,Pending,Standard,0.15,Australia
Mandy Rocha,18,Car,4493.2,8706.78,Approved,Gold,0.22,Australia
Rodney Nichols,61,Car,4305.5,13542.97,Approved,Premium,0.94,Australia
Paige Carroll,32,Home,1661.74,7913.06,Approved,Gold,0.29,Australia
Susan Palmer,38,Travel,1945.56,3958.88,Approved,Premium,0.2,Australia
Lisa Mullen,71,Life,2953.62,1946.08,Pending,Gold,0.95,Australia
James Kemp,36,Health,2712.32,14505.84,Rejected,Gold,0.74,Australia
Terry Andrews,25,Car,1131.2,490.98,Approved,Premium,0.69,Australia
Kelly Carroll,24,Health,2701.14,3725.84,Approved,Standard,0.28,Australia
Melissa Parker,55,Life,749.98,9559.48,Approved,Premium,0.54,Australia
Kathleen Hill,49,Travel,1657.56,17020.96,Approved,Standard,0.06,Australia
Morgan Humphrey,68,Travel,2299.04,10646.47,Approved,Premium,0.13,Australia
Jennifer Ray,47,Car,1749.52,4853.37,Approved,Premium,0.56,Australia
Walter Diaz,42,Health,4944.58,16993.12,Approved,Basic,0.77,Australia
Robert Elliott,33,Travel,496.78,3676.32,Approved,Basic,0.89,Australia
Christopher Thompson,46,Car,1894.59,18789.99,Approved,Premium,0.18,Australia
Barbara Hernandez,44,Travel,2834.19,19366.95,Rejected,Basic,0.61,Australia
Tara Wilson,30,Health,3735.57,4972.1,Approved,Basic,0.62,Australia
Kimberly Contreras,45,Life,2875.2,8761.9,Approved,Premium,0.95,Australia
Mary Rodriguez,56,Home,4736.5,15979.02,Rejected,Gold,0.73,Australia
Hunter Rich,27,Car,981.92,9864.54,Approved,Standard,0.82,Australia
James Gardner,36,Life,1566,1265.56,Approved,Standard,0.29,Australia
Mark Taylor,24,Health,3309.62,14808.51,Rejected,Gold,0.23,Australia
William Burke,47,Life,2322.13,13263.6,Rejected,Premium,0.37,Australia
Charles Gomez,24,Health,4789.63,18143.79,Approved,Basic,0.91,Australia
Stephanie Dalton,69,Health,4333.22,14057.35,Approved,Premium,0.64,Australia
Jennifer Campbell,31,Travel,376.27,1457.53,Approved,Basic,0.95,Australia
Cindy Hernandez,55,Life,2609.02,2471.91,Rejected,Premium,0.55,Australia
Joseph Brown,72,Life,3183.31,4036.44,Approved,Gold,0.05,Australia
Gerald Moore,48,Travel,2738.65,19233.72,Approved,Standard,0.66,Australia
Michael Simmons,70,Travel,4448.02,10851.54,Approved,Standard,0.32,Australia
Stacy Moreno,52,Travel,2919.55,8132.16,Rejected,Basic,0.41,Australia
Felicia Mcdaniel,36,Home,1989.11,9567.34,Approved,Premium,0.03,Australia
Gary Williams,32,Life,3565.62,11893.44,Approved,Basic,0.05,Australia
Steven Collins,68,Travel,1859.29,15.94,Approved,Standard,0.61,Australia
Scott Barajas,22,Travel,1200.23,4907.06,Pending,Standard,0.25,Australia
Taylor Norris,19,Home,2299.89,1217.75,Rejected,Standard,0.48,Australia
Denise Morrison,45,Health,1843.64,13518.38,Pending,Standard,0.54,Australia
Andrew Bond,73,Health,2409.38,690.75,Approved,Standard,0.39,Australia
Benjamin Wilson,74,Travel,2236.06,3689.54,Approved,Premium,0.54,Australia
Megan Mitchell,63,Travel,4526,10110.58,Rejected,Basic,0.42,Australia
Travis Parker,34,Home,356.4,1707.4,Rejected,Standard,0.39,Australia
Mr. Stephen Fitzgerald,65,Car,2446.15,4786.39,Approved,Basic,0.52,Australia
Fernando Smith,24,Car,949.66,2159.96,Pending,Gold,0.63,Australia
Thomas Mills,24,Home,976.21,5924.63,Rejected,Standard,0.02,Australia
Lydia Costa,32,Home,476.61,2005,Approved,Premium,0.41,Australia
Wendy Russell,67,Home,2542.19,6512.85,Approved,Standard,0.17,Australia
John Kennedy,73,Travel,884.73,2664.54,Approved,Gold,0.82,Australia
Crystal Acosta,46,Car,1726.34,3487.06,Approved,Standard,0.02,Australia
Robert Brown,39,Home,2900.95,13129.49,Pending,Standard,0.99,Australia
Deborah Campbell,42,Health,4244.12,12897.97,Pending,Basic,0.77,Australia
Brenda Parker,52,Home,4678.64,13599.54,Approved,Gold,0.71,Australia
Wayne Simon,26,Car,2241.43,4301.62,Approved,Gold,0.05,Australia
Tracy Schultz,74,Car,823.1,11937.38,Pending,Basic,0.88,Australia
Amber Ford,44,Life,1619.26,1605.04,Approved,Standard,0.47,Australia
Gabriel Williams,51,Home,2694.28,11527.91,Pending,Gold,0.75,Australia
Sara Foster,66,Health,4107.37,8695.21,Pending,Premium,0.24,Australia
Roger Maldonado,65,Travel,3792.09,13795.28,Pending,Basic,0.79,Australia
Angela Wood,75,Home,1059.59,14200.13,Approved,Premium,0.23,Australia
Michelle Roberson,40,Health,4029.91,6585.63,Pending,Premium,0.84,Australia
Randy Sanders,27,Home,312.32,236.38,Approved,Basic,0.53,Australia
Wesley Montgomery,36,Life,3497.54,10080.23,Approved,Premium,0.09,Australia
Anna Walter,24,Health,3012.21,19596.86,Rejected,Premium,0.91,Australia
Juan Stanley,46,Home,3400.38,11850.87,Approved,Basic,0.51,Australia
Cynthia Charles,62,Health,1607.97,4166.57,Approved,Premium,0.53,Australia
Brianna Evans,18,Health,1797.3,9974.76,Pending,Basic,0.01,Australia
Lydia Mitchell,68,Health,2136.57,19704.2,Rejected,Basic,0.1,Australia
Javier Peterson MD,47,Home,3823.93,2613.56,Approved,Gold,0.88,Australia
Barbara Richard,21,Life,832.94,3860.71,Approved,Standard,0.36,Australia
Jessica Ingram,32,Home,3957.92,4710.56,Approved,Premium,0.05,Australia
John Johnson,75,Home,387.81,6494.53,Approved,Standard,0.83,Australia
Janice Rogers,32,Health,4630.23,1973.32,Rejected,Gold,0.82,Australia
Katherine Hawkins,28,Car,790.05,1496.58,Approved,Standard,0.37,Australia
Ryan Marshall,23,Travel,874.24,10428.03,Approved,Basic,0.5,Australia
Kyle Anderson,34,Car,3826.79,15727.9,Approved,Basic,0.71,Australia
Natalie Rodriguez,60,Health,3438.23,5954.29,Approved,Gold,0.11,Australia
Darren Weber,46,Car,4051.95,19878.01,Approved,Basic,0.72,Australia
John Lewis,18,Travel,2822.67,14423.09,Approved,Premium,0.86,Australia
Laura Smith,25,Car,3926.47,11591.47,Approved,Basic,0.19,Australia
Frank Rios,36,Travel,2914.31,8510.11,Approved,Premium,0.54,Australia
Emily Simpson,47,Life,4008.33,12827.65,Approved,Standard,0.67,Australia
Crystal Stokes,53,Travel,4207.96,12777.42,Rejected,Standard,0.4,Australia
Carrie Riley,56,Car,4827.15,19498.89,Approved,Basic,0.43,Australia
Sabrina Bass,48,Life,317.89,2464.68,Approved,Premium,0.53,Australia
John Wagner,46,Travel,4804.49,19058.69,Rejected,Premium,0.74,Australia
Ashley Prince,52,Car,2515.12,11640.36,Approved,Gold,0.69,Australia
Hailey Hill,70,Life,2804.15,14994.9,Pending,Premium,0.46,Australia
Laura Wright,44,Health,1504.54,12266.59,Pending,Gold,0.54,Australia
Mrs. Kathy Hooper,18,Travel,4010.63,11515.99,Approved,Basic,0.89,Australia
Angelica Clark,26,Life,3315.32,14417.69,Approved,Basic,0.33,Australia
Melinda Woods,55,Health,4222.49,9640.54,Rejected,Gold,0.43,Australia
Victoria Miller,62,Health,3748.55,420.41,Approved,Premium,0.67,Australia
Samuel Moore,45,Car,2688.92,5992.57,Approved,Gold,0.23,Australia
Anthony Gutierrez,50,Home,4887.27,18295.06,Rejected,Premium,0.58,Australia
Vickie Castro,45,Home,491.08,10465.58,Approved,Standard,0.57,Australia
Mark Weaver,58,Car,1191.34,10022.81,Approved,Basic,0.03,Australia
Heather Barajas,68,Health,4707.45,4559.34,Rejected,Basic,0.17,Australia
Scott Hogan,36,Home,3677.1,15834.52,Pending,Premium,0.16,Australia
Ronald Bell,73,Life,2260.75,11427.18,Rejected,Premium,0.81,Australia
Amy Reid,41,Car,1065.04,4019.89,Approved,Standard,0.27,Australia
Laura Hernandez,46,Life,1831.75,12976.81,Approved,Basic,0.37,Australia
Veronica Hunter,44,Life,1875.02,1949.75,Approved,Gold,0.13,Australia
Edward Pope,52,Home,4960.39,3257.13,Pending,Basic,0.41,Australia
Justin Hernandez,40,Health,2039.3,18039.95,Approved,Basic,0.26,Australia
Wesley Russell,39,Car,493.2,17557.63,Pending,Basic,0.94,Australia
Kimberly Williams,42,Travel,3905.21,13477.86,Approved,Gold,0.49,Australia
Katie Gray,61,Home,3388.4,3238.26,Approved,Gold,0.19,Australia
Megan Smith,63,Travel,4125.7,9861.03,Rejected,Standard,0.28,Australia
Jennifer Mcdonald,41,Life,3090.44,227.95,Rejected,Gold,0.64,Australia
Theresa Harvey,45,Life,4658.59,13465.99,Approved,Standard,0.55,Australia
Jeffrey Schmidt,62,Health,4428.74,7741.19,Pending,Basic,0.21,Australia
Calvin Cruz,27,Home,4997.81,6202.39,Pending,Basic,0.79,Australia
Sydney Cox,64,Home,1992.33,4509.64,Approved,Basic,0.74,Australia
Caroline Deleon,53,Health,4860.42,14644.06,Approved,Gold,0.28,Australia
Joseph Morris,62,Home,3411.61,9374.89,Rejected,Gold,0.94,Australia
Robert Wright IV,59,Travel,920.05,606.17,Approved,Standard,0.55,Australia
Tamara Nguyen,25,Home,4516.21,3995.78,Approved,Basic,0.41,Australia
John Massey,27,Car,2052.48,12885.84,Pending,Premium,0.45,Australia
Jasmine Jenkins,22,Car,567.36,14414.35,Approved,Basic,0.34,Australia
Jason Copeland,49,Travel,1899.69,19430.64,Rejected,Gold,0.42,Australia
Travis Rios,63,Home,4248.48,16682.83,Approved,Premium,0,Australia
Kimberly Jensen,49,Travel,1879.05,3471.91,Approved,Standard,0.02,Australia
David Williams,45,Travel,1933.34,5589.56,Approved,Gold,0.77,Australia
Erik Moran,39,Car,971.91,12320.5,Approved,Premium,0.54,Australia
Joseph Klein,55,Life,1664.54,846.2,Approved,Premium,0.56,Australia
Nathan Schultz,35,Car,4060.45,4489.66,Approved,Gold,0.58,Australia
Aaron Terrell,26,Life,3187.36,7151.95,Approved,Standard,0.29,Australia
Timothy Graham,55,Travel,1389.9,9077.31,Approved,Gold,0.26,Australia
Phillip Larson,71,Health,575.19,71.43,Approved,Standard,0.98,Australia
Andrea Baldwin,55,Life,1781.5,17498.22,Rejected,Premium,0.11,Australia
Kristina Harrington,30,Home,2065.08,17723.87,Pending,Premium,0.23,Australia
Melissa Gonzales,73,Car,2176.94,12735.22,Rejected,Gold,0.09,Australia
Carla Dalton,72,Health,684.69,15696.73,Rejected,Premium,0.45,Australia
Deborah Scott,57,Car,2826.05,5182.04,Rejected,Standard,0.84,Australia
Lawrence Jackson,70,Health,1111.34,12052.94,Approved,Standard,0.85,Australia
Stacy Woods,34,Health,4756.75,12716.15,Rejected,Premium,0.47,Australia
Karina Schultz,56,Home,1378.73,17485.98,Approved,Basic,0.99,Australia
Jackie Shelton,68,Life,1145.62,3739.94,Approved,Standard,0.99,Australia
Felicia Brown,35,Health,1370.32,16156.14,Approved,Basic,0.87,Australia
Valerie Walker,19,Health,2013.89,7191.21,Rejected,Standard,0.59,Australia
Justin Davis,62,Travel,3858.9,18848.4,Rejected,Gold,0.66,Australia
Anthony Schaefer,22,Life,3237.07,13552.93,Approved,Gold,0.14,Australia
Kelly Brady,65,Travel,1495.11,15973.73,Approved,Premium,1,Australia
Dr. Cory Martinez,25,Health,4228.93,15153.85,Rejected,Premium,0.04,Australia
Adriana Glass,74,Health,4666.26,10226.51,Approved,Gold,0.6,Australia
Sydney Brown,66,Car,2858.61,17758.06,Approved,Premium,0.56,Australia
Melissa Brooks,44,Life,3657.4,18742.71,Approved,Premium,0.53,Australia
Benjamin Campbell,21,Car,3867.01,16187.06,Pending,Gold,0.83,Australia
Ricardo King,58,Health,2016.02,4593.11,Pending,Gold,0.18,Australia
Tyler Wade,40,Life,4910.8,11107.16,Approved,Premium,0.42,Australia
Brian Jones,64,Car,1689.61,7432.5,Approved,Standard,0.19,Australia
Victoria Lee,34,Life,1948.65,7393.1,Approved,Basic,0.27,Australia
Angel Ho,47,Life,1665.32,11102.76,Pending,Basic,0.32,Australia
Anthony Arroyo,67,Life,4574.48,4865.33,Approved,Standard,0.85,Australia
David Winters,44,Travel,1166.27,1000.95,Pending,Standard,0.83,Australia
Catherine Massey,46,Health,783.14,8881.87,Approved,Standard,0.11,Australia
Brandi Griffith,72,Health,2413.44,475.29,Approved,Standard,0.48,Australia
Anthony Obrien,63,Health,4554.23,8777.11,Approved,Gold,0.19,Australia
Richard Carter,26,Home,4198.66,12117.05,Approved,Premium,0.56,Australia
Jessica Sandoval,24,Home,3658.7,14733.04,Rejected,Standard,0.52,Australia
Lisa Moore,57,Home,4865.4,5330.15,Approved,Standard,0.31,Australia
Gary Patterson,27,Health,2616.37,2854.33,Approved,Gold,0.31,Australia
Michelle Martinez,29,Home,4598.32,3727.4,Rejected,Premium,0.79,Australia
Jacob Butler,29,Car,4681.59,12729.86,Approved,Gold,0.01,Australia
Melissa Bailey,45,Home,2502.12,9957.98,Approved,Gold,0.66,Australia
Debra Stone,28,Home,3840.21,17045.19,Approved,Gold,0.99,Australia
William Taylor,75,Car,1040.59,17927.89,Approved,Gold,0.61,Australia
Carrie Larson,34,Health,1046.44,11916.95,Approved,Basic,0.96,Australia
Elizabeth James,35,Travel,3322.37,8018.36,Approved,Standard,0.16,Australia
William Ewing,32,Car,848.45,4345.03,Approved,Standard,0.86,Australia
Rachel Johnson,34,Car,3260.75,15262.54,Approved,Gold,0.66,Australia
Tamara Mcdaniel,21,Life,3622.67,7237.05,Rejected,Standard,0.13,Australia
Jessica Galvan,35,Life,2051.97,6083.83,Pending,Gold,0.43,Australia
Aaron Christian,56,Health,2886.8,12950.2,Approved,Standard,0.9,Australia
Lauren Baker,61,Car,3032.98,2256.93,Approved,Basic,0.05,Australia
John Marquez,70,Car,3209.22,5496.62,Pending,Standard,0.16,Australia
Jane Prince,65,Health,4384.8,11057.19,Pending,Basic,0.57,Australia
Audrey Robertson,75,Travel,1497.32,7270.82,Pending,Gold,0.62,Australia
Heather Rodriguez,62,Home,4895.48,2522.93,Rejected,Standard,0.25,Australia
Steven Weeks,75,Car,1685.24,3070.84,Approved,Standard,0.82,Australia
Stephen Gonzalez,60,Car,2822.33,10764.42,Approved,Premium,0.32,Australia
Preston Henry,74,Travel,4983.32,2865.74,Approved,Gold,0.37,Australia
Kyle Mcconnell,67,Home,4718.35,17706.42,Approved,Standard,0.6,Australia
Kyle Chan,59,Life,3266.53,14151.59,Pending,Standard,0.48,Australia
Mark Castillo,60,Life,2072.99,18112.79,Pending,Basic,0.66,Australia
Jessica Hatfield,63,Car,2866.8,12356.94,Rejected,Basic,0.53,Australia
Gwendolyn Hebert,68,Car,4434.66,14241.06,Approved,Premium,0.88,Australia
Marilyn Jensen,23,Health,2408.65,3182.1,Approved,Premium,0.9,Australia
Stanley Berry,66,Home,4289.14,7970.06,Approved,Basic,0.49,Australia
Ashley Miller,62,Car,4071.88,3369.87,Approved,Basic,0.71,Australia
Adrienne Harris,56,Travel,3287.25,11702.34,Pending,Basic,0.95,Australia
Joshua Randolph,46,Travel,4470.35,150.48,Rejected,Gold,0.52,Australia
Brandy Booth,37,Travel,1678.76,1513.93,Approved,Standard,0.86,Australia
Alexander Obrien,25,Travel,3329.2,15068.18,Approved,Premium,0.09,Australia
Margaret Simpson,36,Travel,597.33,17548.02,Approved,Standard,0.19,Australia
Louis Newton,36,Life,2764.52,10003.45,Approved,Premium,0.03,Australia
Susan Jones,30,Home,990.53,272.52,Approved,Standard,0.64,Australia
Chad Smith,38,Travel,2573.14,10701.15,Pending,Basic,0.72,Australia
Daniel Holt,59,Health,2896.8,4174.92,Pending,Standard,0.88,Australia
Michelle Navarro,20,Life,4185.05,12077.23,Pending,Basic,0.21,Australia
Ralph Jefferson,41,Travel,1089.47,140.85,Rejected,Premium,0.24,Australia
Randall Collins,38,Home,1754.96,8670.77,Rejected,Gold,0.6,Australia
Jeffrey Kane,54,Life,1586.37,2538.04,Rejected,Basic,0.36,Australia
Keith Fleming,59,Home,4172.11,206.88,Approved,Premium,0.93,Australia
Christopher Hamilton,70,Life,398.94,5861.34,Approved,Basic,0.9,Australia
Raymond Perez,58,Car,4198.37,9347.43,Rejected,Basic,0.48,Australia
Lori Martinez,74,Life,1404.93,1257.51,Approved,Gold,0.56,Australia
Leslie Armstrong,63,Health,1522.93,14058.29,Approved,Gold,0.95,Australia
Emma Smith,71,Life,3517.94,6666.16,Pending,Gold,0.34,Australia
Michael Lee,55,Travel,3361.12,3253,Approved,Premium,0.77,Australia
Brianna Burgess,73,Life,2983.06,3403.44,Rejected,Basic,0.41,Australia
Deanna Pham,29,Travel,4562.28,10419.96,Approved,Premium,0.94,Australia
John Monroe,30,Travel,901.17,7531.85,Pending,Standard,0.22,Australia
Christine Smith,75,Car,4251.87,7249.17,Approved,Basic,0.68,Australia
Emma Parker,38,Home,3043.63,17040.14,Approved,Premium,0.26,Australia
Kelly Turner,68,Travel,4611.65,5418.43,Pending,Premium,0.48,Australia
Alicia Harrell,26,Travel,1984.91,18020.49,Rejected,Basic,0.89,Australia
Scott Thomas,53,Car,348.27,11873.94,Approved,Gold,0.98,Australia
Lynn Lawrence,24,Travel,2687.14,6585.42,Approved,Standard,0.1,Australia
Heidi Meyer,59,Car,4205.81,9711.22,Pending,Basic,0.69,Australia
Jeffrey Stewart,28,Health,1770.51,12036.23,Approved,Premium,0.41,Australia
Frederick Whitney,48,Home,1865.17,16750.42,Pending,Gold,0.44,Australia
Margaret Lee,40,Travel,4882.39,11660.87,Pending,Gold,0.39,Australia
Diane Rivera,28,Travel,2088.26,8008.76,Approved,Premium,0.73,Australia
Lindsay Vasquez,69,Home,1693.06,15765.29,Approved,Basic,0.77,Australia
Kenneth Carroll,35,Life,3053.15,10060.2,Pending,Gold,0.98,Australia
Steven Serrano,59,Health,2661.35,14429.55,Approved,Standard,0.52,Australia
Julie Rogers,52,Life,2029.96,4000.77,Approved,Premium,0.46,Australia
Tammy Archer,28,Life,3435.34,15866.55,Approved,Basic,0.82,Australia
William Blanchard,18,Home,2197.2,2780.9,Rejected,Gold,0.01,Australia
Leonard Gentry,33,Car,1629.11,11732.01,Approved,Standard,0.19,Australia
Emma Payne,55,Car,1271.42,469.98,Approved,Basic,0.5,Australia
Joshua Baker,66,Life,1018.25,9857.72,Rejected,Standard,0.43,Australia
Rebecca Rivera,46,Life,3038.21,15399.21,Approved,Premium,0.99,Australia
Rodney Thomas,69,Travel,442.05,5740.02,Approved,Basic,0.65,Australia
Gary Hernandez,38,Car,1573.35,15095.54,Approved,Standard,0.94,Australia
David Barnes,29,Health,4973.84,7093.74,Approved,Basic,0.96,Australia
Michelle Taylor,43,Car,585.39,10310.04,Approved,Basic,0.39,Australia
Melvin Clark,41,Life,1742.51,9958.35,Rejected,Standard,0.35,Australia
Nicole Carr,67,Life,3653.39,9450.27,Approved,Premium,0.54,Australia
Tom Mathews,75,Home,2973.12,3201.21,Approved,Basic,0.37,Australia
Ashley Walsh,61,Travel,2372.5,1495.47,Rejected,Basic,0.95,Australia
Michael Wilson,35,Life,1631.33,536.75,Approved,Premium,0.42,Australia
Randy Le,39,Travel,1637.58,17565.92,Rejected,Standard,0.88,Australia
Gary Whitehead,50,Home,4050.13,19831.07,Approved,Standard,0.57,Australia
Daniel Evans,54,Home,2734.14,14937.72,Rejected,Standard,0.71,Australia
Tina Sullivan,24,Home,1499.36,15997.88,Approved,Basic,0.52,Australia
Jessica Murphy,44,Car,3464.06,8392.87,Approved,Premium,0.68,Australia
Bridget Fitzpatrick,61,Life,357.38,8417.14,Rejected,Premium,0.39,Australia
Tyler Taylor,56,Car,1090.07,16681.03,Approved,Standard,0.01,Australia
Glenda Jackson,59,Life,3751.43,8278.1,Rejected,Gold,0.28,Australia
James Cruz,32,Car,1250.64,2003.26,Pending,Premium,0.11,Australia
Linda Fisher,48,Life,3377.81,16508.77,Pending,Standard,0.2,Australia
Daniel Frank,57,Car,2929.95,1861.56,Rejected,Premium,0.64,Australia
John Montgomery,29,Home,4909.62,13689.12,Approved,Basic,0.51,Australia
Michele Ray,34,Health,650.02,16022.91,Approved,Basic,0.1,Australia
Anne Fisher,26,Travel,3735.04,18679.18,Approved,Standard,0.16,Australia
Nancy Rodriguez,58,Home,2883.85,8878.56,Approved,Standard,0.61,Australia
Leroy Johnson,66,Life,4569.29,18266.8,Approved,Standard,0.24,Australia
Tiffany Mcclure,27,Travel,4322.15,18993.87,Pending,Gold,0.42,Australia
Christina Hamilton,45,Home,4979.94,10204.72,Approved,Premium,0.73,Australia
James Gallagher,24,Car,487.97,5222.72,Approved,Standard,0.32,Australia
Gary Wagner,69,Life,2393.8,5002.48,Approved,Premium,0.33,Australia
Robert Porter,18,Car,1533.63,15560.24,Approved,Basic,0.73,Australia
John Harris,75,Travel,646.64,16127.74,Rejected,Basic,0.36,Australia
Jose Holloway,32,Life,998.69,15286.35,Pending,Premium,0.48,Australia
Kevin Roberts,33,Travel,3372.71,2971.72,Approved,Gold,0.35,Australia
Megan Smith,67,Car,2957.14,13218.47,Approved,Standard,0.44,Australia
Randall Byrd,27,Home,1827.29,15845.35,Rejected,Basic,0.55,Australia
Virginia King,55,Car,2190.38,4444.13,Approved,Premium,0.02,Australia
Phillip Bullock,33,Car,1723.67,19841.82,Rejected,Basic,0.11,Australia
Howard Smith,34,Home,3032.77,18904.74,Pending,Gold,0.81,Australia
Alyssa Dorsey,70,Home,2569.66,580.03,Rejected,Basic,0.11,Australia
Benjamin Brown,38,Life,2051.15,6747.79,Pending,Basic,0.39,Australia
Robert Smith,75,Home,4882.3,15703.87,Approved,Basic,0.58,Australia
Austin Mitchell,45,Health,4968.04,7529.09,Pending,Premium,0.17,Australia
Carolyn Boone,74,Home,3194.51,15222.34,Approved,Standard,0.06,Australia
Craig Barnes,20,Travel,757.47,17442.66,Pending,Standard,0.24,Australia
Brandy Peters,64,Travel,3552.7,18003.87,Approved,Standard,0.53,Australia
Jeffrey Miller,22,Car,4641.27,844.98,Approved,Basic,0.07,Australia
Erik Johnson,42,Travel,2508.57,5995.42,Rejected,Standard,0.55,Australia
Stephen Allen,24,Health,4805.1,11709.25,Approved,Standard,0.83,Australia
Dale Schaefer,25,Car,3101.81,18116,Rejected,Basic,0.09,Australia
Christine Riley,26,Home,645.06,11200.4,Pending,Standard,0.79,Australia
Karen Miller,68,Car,2887.19,12168.1,Approved,Gold,0.7,Australia
Felicia White,53,Health,2311.72,3424.02,Rejected,Gold,0.61,Australia
Sean Rice,60,Car,475.16,8456.93,Approved,Premium,0.02,Australia
Samantha Meyer,64,Travel,2082.18,10443.01,Rejected,Standard,0.7,Australia
Stephanie Wilson,45,Life,1079.3,19463.92,Approved,Gold,0.86,Australia
Deborah Soto,36,Home,551.72,910.78,Pending,Gold,0.52,Australia
Charles Gallagher,62,Travel,1232.95,12850.86,Approved,Basic,0.81,Australia
Keith Cruz,21,Home,1309.96,101.38,Approved,Basic,0.92,Australia
Bethany Campbell,46,Home,3506.25,11326.85,Approved,Gold,0.65,Australia
Mr. Tony Williams MD,71,Health,2363.38,8771.07,Approved,Standard,0.45,Australia
Leslie Phillips,64,Life,753.07,4013.55,Approved,Premium,0.56,Australia
Donald Padilla,40,Travel,2785.54,16450.29,Pending,Basic,0.81,Australia
Laura Wall,62,Travel,1769.35,8055.89,Approved,Premium,0.62,Australia
Jeffrey Taylor,38,Travel,3130.36,18681.42,Approved,Standard,0.62,Australia
Charles Carrillo,27,Life,1901.84,7953.18,Rejected,Basic,0.5,Australia
Kimberly Medina,19,Car,4240.11,14630.49,Pending,Gold,0.63,Australia
Manuel Jones DVM,71,Home,4944.24,23.52,Rejected,Gold,0.9,Australia
William Clark,55,Life,1133.75,6999.81,Approved,Premium,0.77,Australia
Natalie Duncan,51,Travel,1525.45,9878.46,Rejected,Basic,0.39,Australia
Michael Smith,61,Life,3916.6,1468.65,Approved,Gold,0.32,Australia
Scott Burns,23,Health,1108.05,1068.38,Rejected,Premium,0.44,Australia
Brandon Jones,31,Health,965.52,1640.98,Pending,Basic,0.84,Australia
Kayla Lopez,44,Travel,1395.06,10114.4,Approved,Gold,0.48,Australia
Michael Torres,64,Home,1836.24,2070.57,Rejected,Standard,0.07,Australia
James Hays,55,Car,4777.43,17861.4,Pending,Standard,0.44,Australia
Kelly Moore,54,Health,2778.76,13293.56,Approved,Gold,0.94,Australia
Nathan Morales,70,Travel,4247.74,4741.67,Approved,Basic,0.55,Australia
John Jones,46,Health,2811.13,6965.03,Approved,Gold,0.7,Australia
Kristin Adams,51,Travel,1475.71,3343.84,Approved,Gold,0.82,Australia
Andrew Harris,32,Travel,1971.76,2866.46,Approved,Basic,0.58,Australia
Dr. Monique Carson,72,Health,4128.11,431.5,Approved,Premium,0.2,Australia
Jessica Green,19,Car,718.38,7213.06,Approved,Premium,0.6,Australia
Stephen Smith,53,Home,3009.8,2487.44,Approved,Standard,0.28,Australia
Michael Mooney,40,Life,1893.78,2575,Approved,Standard,0.06,Australia
Kenneth Berry,51,Health,2350.43,5562.06,Approved,Basic,0.53,Australia
Angela Booker,57,Life,2346.11,997.75,Approved,Standard,0.34,Australia
William Johnson,52,Travel,3454.49,14054.65,Pending,Standard,0.89,Australia
Abigail Moore,31,Home,2406.69,19826.51,Pending,Gold,0.62,Australia
Reginald Cook,57,Home,2924.81,5509.92,Pending,Gold,0.06,Australia
Dennis Hopkins,21,Car,1881.44,12918.31,Approved,Premium,0.52,Australia
Aaron Dominguez,74,Car,1741.04,13792.56,Pending,Gold,0.57,Australia
Larry Smith,32,Life,1054.05,9029.02,Approved,Basic,0.44,Australia
Howard Miller,68,Car,3496.4,2887.1,Rejected,Premium,0.91,Australia
John Mccann,29,Health,1390.08,10038.37,Rejected,Standard,0.58,Australia
Dr. Brian Smith MD,25,Health,4534.78,2521.77,Approved,Gold,0.74,Australia
Jennifer Benson,72,Home,4090.86,7555.57,Approved,Gold,0.24,Australia
Amber Cervantes,22,Life,3840.86,19518.66,Approved,Premium,0.37,Australia
Anthony Livingston,41,Travel,3809.5,5601.08,Approved,Basic,0.19,Australia
Wendy Hernandez,52,Life,761.55,19484.09,Approved,Premium,0.52,Australia
Angela Harvey,37,Health,4570.7,1311.07,Approved,Premium,0.62,Australia
Tina Ali,26,Home,1497.53,1678.24,Approved,Premium,0.76,Australia
Rachel Riley,66,Home,452.39,8651.21,Approved,Basic,0.14,Australia
Jessica Smith,47,Life,1817.48,5357.93,Approved,Premium,0.94,Australia
Julia George,19,Life,4997.61,1843.47,Rejected,Gold,1,Australia
Kimberly Barnes,19,Home,812.98,3232.86,Pending,Premium,0.93,Australia
Heather Hernandez,49,Home,4951.32,14797.92,Approved,Standard,0.7,Australia
Sarah Tucker,54,Health,1082.72,12476.01,Approved,Basic,0.91,Australia
Jordan Robinson,18,Home,3009.62,2274.73,Rejected,Gold,0.38,Australia
Stephen Mitchell,37,Life,1070.37,2538.68,Pending,Standard,0.79,Australia
Patrick Gonzalez,27,Life,2253.24,16928.51,Pending,Basic,0.48,Australia
Regina Nelson,45,Home,3319.33,5139.26,Approved,Gold,0.11,Australia
Brandon King,24,Travel,543.35,5765.26,Approved,Basic,0.86,Australia
Deborah Lane,39,Home,311.41,13452,Rejected,Premium,0.28,Australia
Miguel King,61,Life,629.55,2157.35,Approved,Gold,0.49,Australia
Jordan Gonzalez,22,Travel,340.07,1000.76,Pending,Premium,0.16,Australia
Megan Peterson MD,37,Home,529.63,17614.47,Approved,Basic,0.22,Australia
Sheila Ramirez,38,Health,1107.56,16793.88,Pending,Standard,0.76,Australia
Luke Davis,25,Life,1149.06,5155.09,Approved,Gold,0.68,Australia
Taylor Gutierrez,33,Travel,3079.24,3092.02,Rejected,Premium,0.66,Australia
Sandra Howell,74,Home,1703.59,12260.9,Approved,Gold,0.11,Australia
Michael Walker,25,Life,1304.47,3454.21,Approved,Standard,0.74,Australia
Manuel Foley,51,Life,3042.59,3323.62,Approved,Premium,0.45,Australia
Diana Baker,50,Home,2497.01,4343.12,Approved,Basic,0.36,Australia
James Carroll,69,Life,1913.5,962.37,Pending,Premium,0.07,Australia
Jasmine Schmidt,71,Home,1407.06,17170.23,Approved,Basic,0.8,Australia
George Burton,73,Car,1317.24,19429.91,Pending,Premium,0.53,Australia
Yesenia Gray,46,Travel,3796.46,19509.54,Rejected,Basic,0.97,Australia
Adam Mcgee,75,Health,4179.31,5991.22,Approved,Premium,0.64,Australia
Heidi Perry,57,Health,629.41,12625.04,Pending,Standard,0.61,Australia
Timothy Morales,35,Travel,2643.93,7095.23,Rejected,Gold,0.1,Australia
Joshua Potter,33,Life,2762.87,19483.54,Pending,Premium,0.69,Australia
Mrs. Rebecca Johnson,23,Travel,3884.61,6980.44,Approved,Gold,0,Australia
Jason Rogers,36,Home,4048.29,15670.36,Pending,Standard,0.41,Australia
Samantha Davis,61,Home,786.13,12314.17,Pending,Premium,0,Australia
Lisa Perry,42,Home,2962.77,5103.32,Pending,Standard,0.47,Australia
Gregory Haley,74,Travel,3652,11050.47,Approved,Premium,0.33,Australia
Valerie Peters,21,Home,1691.34,4106.93,Pending,Standard,0.58,Australia
Matthew Smith,57,Life,2665.84,18668.41,Pending,Basic,0.83,Australia
Brittany Perkins,19,Travel,4864.76,13032.68,Approved,Standard,0.57,Australia
Douglas Vargas,33,Car,1583.35,14529.15,Approved,Premium,0.28,Australia
Kathy Roach,42,Travel,2046.12,5058.17,Approved,Gold,0.34,Australia
Joel Cook,62,Car,1727.78,16817.59,Approved,Premium,0.05,Australia
Mr. Thomas Gonzales,38,Home,2368.45,7740.26,Approved,Basic,0.41,Australia
Karl Johnson,75,Health,2530.03,7851.43,Approved,Basic,0.26,Australia
Gregory Thompson,22,Travel,4566.41,465.3,Approved,Premium,0.44,Australia
Christina Arias,42,Car,3145.87,1016.72,Pending,Premium,0.65,Australia
Mary Carroll,56,Car,2905.68,8092.88,Rejected,Standard,0.98,Australia
Laura Sloan,39,Car,4557.82,666.86,Approved,Standard,0.8,Australia
Robert Jones,66,Travel,3790.78,19416.04,Approved,Gold,0.9,Australia
Mark Preston,20,Travel,1472.43,2056.14,Rejected,Premium,0.89,Australia
Paul Robinson MD,31,Health,3243.01,8029.97,Pending,Basic,0.4,Australia
Karen Daniel,35,Health,4297.06,16253.29,Approved,Basic,0.86,Australia
Katherine Clark,40,Car,3929.92,11939.38,Approved,Standard,0.35,Australia
Christine Choi,28,Health,3839.5,11109.51,Approved,Premium,0.98,Australia
Douglas Roth,73,Car,2119.59,10977.51,Approved,Premium,0.6,Australia
Ian Sanders,73,Health,3157.35,12480.88,Rejected,Basic,0.27,Australia
Mr. Christopher Woods,22,Health,1960.18,814.17,Approved,Basic,0.76,Australia
Monique Lambert,43,Life,1420.44,1233.48,Approved,Standard,0.57,Australia
Adam Anderson,58,Home,833.45,15739.23,Approved,Premium,0.03,Australia
Patricia Yates,38,Life,2132.77,1775.53,Approved,Basic,0.67,Australia
David Allen,31,Car,3999.39,13155.95,Approved,Premium,0.83,Australia
Daniel Young,69,Life,2540.96,2367.74,Approved,Gold,0.82,Australia
Susan Mora,20,Travel,3757.56,9139.22,Pending,Premium,0.66,Australia
Jonathan Mendez,47,Car,3610.01,10428.47,Approved,Basic,0.3,Australia
Steven Smith,38,Car,2595.85,19146.49,Pending,Gold,0.77,Australia
Susan Ford,24,Home,1496.37,2766.68,Approved,Basic,0.61,Australia
Steven Aguirre,59,Home,4651.42,19792.14,Pending,Premium,0.08,Australia
Timothy Vasquez,59,Life,4700.89,12938.4,Approved,Basic,0.42,Australia
Mary Salas,67,Health,884.96,10631.15,Approved,Gold,0.31,Australia
Sarah Mclean,39,Car,4167.66,703.12,Rejected,Gold,0.19,Australia
Jennifer Nguyen,60,Life,415.68,12637.51,Pending,Gold,0.26,Australia
Gina Sanchez,41,Car,940.09,17445.65,Approved,Gold,0.57,Australia
Brett Bullock,22,Car,1671.59,9375.72,Approved,Basic,0.51,Australia
Courtney Rodriguez,52,Health,397.09,18480.58,Rejected,Basic,0.55,Australia
Madison Hall,19,Health,1246.03,9386.63,Approved,Premium,0.17,Australia
Stephanie Jones,44,Life,1330.29,18959.89,Rejected,Basic,0.94,Australia
Victoria Raymond,36,Home,515.12,5180.73,Pending,Basic,0.77,Australia
Penny Sanders,32,Travel,723.75,2753.44,Approved,Standard,0.38,Australia
Matthew Smith,59,Travel,866.86,13858.95,Pending,Basic,0.16,Australia
Marissa Smith,52,Travel,920.66,10633.8,Approved,Gold,0.63,Australia
Gerald Kim,73,Home,353.19,9552.95,Approved,Basic,0.56,Australia
Jacob Cooper,28,Life,904.22,1725.07,Rejected,Premium,0.42,Australia
Erica Bennett,63,Car,2207.33,13679.37,Pending,Premium,0.44,Australia
Kyle Archer,72,Home,4849.33,16327.25,Approved,Standard,0.04,Australia
Diana Douglas,46,Health,1195.86,15248.99,Rejected,Standard,0.44,Australia
Mrs. Vanessa Green MD,68,Travel,4500.31,12261.96,Pending,Basic,0.82,Australia
Robert Smith,51,Life,1486.48,930.03,Approved,Standard,0.05,Australia
Patricia Watson,55,Car,4541.12,1825.84,Rejected,Gold,0.4,Australia
Kathy Davis,22,Travel,4355.33,12773.75,Approved,Premium,0.7,Australia
Vicki Miller,56,Home,4715.46,19638.22,Rejected,Gold,0.8,Australia
Victor Gonzalez,61,Car,4666.64,11211.69,Rejected,Standard,0.91,Australia
Casey White,66,Health,1199.74,1256,Approved,Basic,0.13,Australia
Jaime Mcneil,63,Travel,2590.05,15853.42,Approved,Premium,0.74,Australia
Kevin Wise,18,Home,626.27,626.24,Pending,Gold,0.41,Australia
Patrick Hoffman,53,Life,3662.12,374.65,Rejected,Standard,1,Australia
Victoria Smith,64,Health,4481.89,6505.74,Approved,Premium,0.83,Australia
Cassandra Hodges,27,Travel,4096.98,17541.09,Approved,Premium,0.93,Australia
Bob Cooper,66,Home,1234.09,19361.09,Rejected,Standard,0.04,Australia
Michelle Delgado,41,Home,3879.84,9329.11,Approved,Standard,0.32,Australia
Mr. Alan Bolton,48,Home,3935.83,13204.73,Pending,Basic,0.6,Australia
Sandra Mitchell,44,Home,969.77,11161.44,Approved,Basic,0.4,Australia
Roberto Fisher,48,Life,2340.83,8256.98,Approved,Standard,0.86,Australia
Charles Wood Jr.,67,Life,1393.58,13366.65,Approved,Standard,0.87,Australia
John Clayton,67,Life,1444.57,14022.13,Rejected,Standard,0.27,Australia
Jennifer Kline,60,Health,2596.38,15331.28,Approved,Premium,0.05,Australia
Edward Hendrix,31,Home,518.12,7124.79,Approved,Standard,0.06,Australia
Steven Adams,54,Life,2219.8,2223.6,Rejected,Gold,0.27,Australia
Daniel Morris MD,42,Health,2401.15,10708.56,Approved,Premium,0.59,Australia
Debbie Moore,53,Home,1218.23,14743.14,Rejected,Gold,0.55,Australia
Virginia Morris,63,Health,4769.24,10459.04,Approved,Gold,0.22,Australia
Rachel Fuller,35,Car,4395.04,19852.9,Approved,Basic,0.57,Australia
David Morgan,73,Home,1218.18,10310.52,Approved,Premium,0.1,Australia
Jessica Powell,47,Travel,4169.82,1880.08,Approved,Premium,0.25,Australia
Sara Thompson,62,Life,2323.1,3776.5,Pending,Basic,0.05,Australia
Jack Reynolds,59,Car,3145.6,10092,Approved,Basic,0.44,Australia
Jennifer Sutton,43,Life,1046.06,3333.17,Approved,Gold,0.24,Australia
Mrs. Danielle Stewart DDS,31,Travel,3834.62,17057.55,Approved,Premium,0.34,Australia
Karen Scott,20,Health,2043.64,6131.77,Approved,Standard,0.22,Australia
Gary Campbell,20,Life,3646.02,275.47,Approved,Basic,0.26,Australia
Dominique Alvarado,28,Health,3362.41,3545.08,Approved,Basic,0.97,Australia
Kimberly Scott,60,Health,4000.78,1975.36,Approved,Gold,0.42,Australia
Janice Ramirez,75,Travel,4937.75,11160.26,Approved,Standard,0.38,Australia
Donna Swanson MD,31,Car,552.19,13577.16,Approved,Gold,0.71,Australia
Christopher Castro,58,Health,586.49,17854.82,Approved,Basic,0.94,Australia
Sonya Bruce,27,Travel,4122.1,19581.91,Approved,Gold,0.7,Australia
James Williams,38,Home,2272.2,10559.32,Pending,Basic,0.36,Australia
Craig Jones,29,Travel,3907.6,7019.49,Approved,Standard,0.78,Australia
Derrick Martinez,44,Home,4820.99,9375.79,Rejected,Standard,0.72,Australia
David Moore,56,Travel,3096.1,4495.51,Approved,Basic,0.32,Australia
Rickey Smith,31,Health,4534.03,12631.21,Approved,Premium,0.95,Australia
Charles Flynn,35,Car,3790.16,4704.1,Rejected,Standard,0.16,Australia
Kerry Charles,21,Life,2545.22,18468.56,Approved,Gold,0.5,Australia
Tracy Butler,74,Life,832.81,18336.66,Pending,Premium,0.83,Australia
Hayden Odonnell II,60,Home,2437.6,8766.58,Rejected,Standard,0.09,Australia
Desiree Herrera,18,Life,4278.16,108.46,Pending,Gold,0.57,Australia
James Washington,31,Home,534.74,18533.71,Approved,Gold,0.03,Australia
Susan Reyes,36,Car,2754.66,11508.36,Pending,Standard,0.75,Australia
Brianna Woodward,45,Life,4768.56,7063.97,Approved,Standard,0.65,Australia
Dylan Walker,68,Travel,1712.22,19342.62,Rejected,Premium,0.17,Australia
Sarah Hartman,59,Health,759.17,5492.07,Approved,Premium,0.29,Australia
Jeffrey Smith,57,Health,2945.82,1830.88,Approved,Basic,0.89,Australia
Lisa Moore,51,Home,3499.88,675.25,Approved,Standard,0.6,Australia
Theresa Watts,51,Health,471.27,11772.43,Approved,Basic,0.1,Australia
Andrea Willis,64,Life,3682.07,3908.39,Pending,Basic,0.9,Australia
Crystal Miller,52,Health,3363.64,15317.54,Pending,Standard,0.1,Australia
Christopher Rosales,33,Home,3354,1770.44,Approved,Basic,0.27,Australia
Nicholas Wilson,43,Home,2186.53,9356.14,Approved,Basic,0.71,Australia
Daniel Miller,61,Travel,669.62,5617.11,Rejected,Gold,0.66,Australia
Jamie Wood,45,Life,4594.9,12496.99,Approved,Premium,0.25,Australia
Charles Ward,23,Car,365.78,13421.26,Approved,Premium,0.73,Australia
Christopher Lee,53,Travel,4208.84,18301.6,Approved,Gold,0.8,Australia
Tiffany Murphy,24,Health,737.65,4545.82,Approved,Gold,0.2,Australia
Joseph Mckee,48,Car,1343.64,285.5,Rejected,Gold,0.07,Australia
Brian Shaw,57,Travel,2537.36,15090.47,Approved,Standard,0.96,Australia
Caroline Jones,19,Home,2634.52,8818.28,Approved,Premium,0.68,Australia
Amanda Ray,33,Life,2804.25,6980.14,Approved,Basic,0.54,Australia
Daniel Sanford MD,38,Health,3641.78,9962.57,Approved,Gold,0.82,Australia
Kyle Blake,19,Health,1042.61,15793.13,Rejected,Standard,0.7,Australia
Barbara Sparks,53,Travel,748,12480.95,Approved,Gold,0.95,Australia
Kristi Vasquez,51,Home,4504.49,1429.94,Approved,Standard,0.69,Australia
Latoya Duncan,32,Home,4060.35,15528.52,Approved,Premium,0.96,Australia
Travis Taylor,60,Health,985.96,953.88,Pending,Gold,0.61,Australia
Stephanie Willis,58,Health,3885.29,9680.89,Approved,Premium,0.23,Australia
Glenn Galloway,27,Health,790.5,725.09,Approved,Standard,0.91,Australia
Laura Welch,50,Car,4676.65,5693.6,Approved,Standard,0.85,Australia
Lindsey Jones,41,Life,3422.6,7760.79,Approved,Standard,0.99,Australia
Cynthia Hernandez,32,Home,3771.06,2285.53,Approved,Standard,0.06,Australia
Stephanie Wolfe,60,Home,3356.99,18419.96,Rejected,Gold,0.13,Australia
Bethany Cummings,20,Car,3929.31,5504.34,Approved,Premium,0.58,Australia
Kevin Ferguson,45,Home,4714.71,7667.41,Pending,Standard,0.42,Australia
Nicholas Moss,21,Life,2016.61,10421.27,Pending,Gold,0.54,Australia
Jimmy Bailey,59,Home,490.13,6345.06,Pending,Basic,0.21,Australia
Lisa Whitehead,29,Home,1141.76,275.69,Approved,Gold,0.26,Australia
Norman Hebert,33,Health,2946.03,14884.73,Pending,Basic,0.21,Australia
Nicole Cameron,18,Health,625.42,8270.21,Approved,Basic,0.91,Australia
Jeffery Sims,72,Home,801.56,8276.3,Pending,Basic,0.89,Australia
Andrew Hill,30,Life,3204.17,7446.88,Approved,Basic,0.62,Australia
Michael Miller,48,Life,4052.45,4600.57,Approved,Premium,0.41,Australia
Thomas Jones,37,Life,3987.09,1426.13,Pending,Basic,0.84,Australia
Heather Ballard,34,Home,3864.09,1255.2,Approved,Standard,0.44,Australia
Benjamin Reed,35,Travel,1797.16,13730.55,Approved,Standard,0.86,Australia
Miss Jordan Gutierrez PhD,52,Health,2786.8,12921.59,Approved,Standard,0.66,Australia
David Mcknight,56,Travel,2927.66,14854.89,Approved,Gold,0.33,Australia
Ashley Randall,61,Car,2402.38,3893.69,Approved,Gold,0.34,Australia
Craig Joseph DDS,45,Life,2746.56,3714.98,Approved,Standard,0.62,Australia
Danielle Walker,47,Car,2729.17,16093.94,Pending,Basic,0.4,Australia
Paul Baird,34,Life,2434.55,3051.42,Approved,Premium,0.24,Australia
Gregory Mercado,73,Health,1667.77,13952.56,Approved,Basic,0.01,Australia
Matthew Brown,53,Travel,3791.47,19257.36,Pending,Premium,0.07,Australia
David Schroeder,29,Life,1073.17,9549.98,Approved,Gold,0.51,Australia
Sean Jacobson,21,Home,1450.81,12604.9,Approved,Standard,0.96,Australia
Jennifer Cook,54,Health,652.72,6361.14,Pending,Premium,0.74,Australia
Audrey Vasquez,61,Travel,1929.55,1534.18,Approved,Gold,0.63,Australia
Kiara Saunders,33,Life,3530.96,5465.29,Approved,Premium,0.35,Australia
Christine Pena,58,Car,626.96,4859.75,Approved,Gold,0.57,Australia
Rachel Davies,56,Life,2822.79,14605.61,Approved,Standard,0.73,Australia
Megan Strickland,21,Car,4458.74,17452.06,Approved,Premium,0.52,Australia
Margaret Stevens,35,Car,1860.18,3567.29,Approved,Premium,0.61,Australia
Angela Williams DVM,22,Health,801.96,12926.6,Rejected,Standard,0.47,Australia
Todd Chase,38,Life,2562.49,7639.04,Rejected,Gold,0.34,Australia
Joseph Schroeder,36,Life,2196.2,7064.8,Rejected,Standard,0.21,Australia
Michael Garrison,48,Life,2840.23,10847.16,Approved,Basic,0.68,Australia
David Phillips,73,Health,4718.38,4943.28,Approved,Standard,0.5,Australia
Cynthia Humphrey,36,Home,4424.71,26.52,Rejected,Basic,0.8,Australia
Charles Jacobs,20,Health,2606.49,2031.67,Pending,Premium,0.39,Australia
Jacqueline Esparza,56,Life,4837.5,11082.65,Approved,Premium,0.72,Australia
Mrs. Diane Marquez MD,46,Car,949.91,10414.43,Approved,Premium,0.89,Australia
Mrs. Heather Mathews,34,Car,412.73,9950.12,Pending,Basic,0.37,Australia
Joshua Hutchinson,58,Health,2194.12,19506.83,Rejected,Gold,0.87,Australia
Mrs. Victoria Moyer,30,Health,1696.34,3503.48,Approved,Gold,0.97,Australia
Brittany Fletcher,23,Life,1564.87,15152.82,Approved,Standard,0.29,Australia
Leonard Wilson,67,Travel,2121.2,12717.51,Rejected,Basic,0.68,Australia
Sarah Barry,52,Travel,2770.18,5765.41,Rejected,Basic,0.78,Australia
Kevin Green,43,Home,851.53,13911.22,Approved,Basic,0.34,Australia
Robin Day,63,Car,2104.57,1900.04,Approved,Basic,0.05,Australia
Matthew Sanders,25,Car,3880.22,3627.49,Approved,Gold,0.51,Australia
Andrew Moreno,39,Home,4966.03,5161.34,Approved,Basic,0.84,Australia
Kevin Bryant,30,Health,1371.11,5743.73,Approved,Standard,0.91,Australia
Alicia Lee,40,Life,1126.57,7417.05,Approved,Basic,0.94,Australia
Kristopher Miller,58,Travel,4133.58,13194.81,Approved,Basic,0.91,Australia
Elizabeth Mitchell,68,Health,4447.74,6057.34,Approved,Basic,0.11,Australia
Dr. April Douglas,41,Home,1444.83,894.47,Pending,Basic,0.4,Australia
Amanda Owen,19,Health,3869.55,7304.5,Approved,Standard,0.87,Australia
John Murphy,75,Life,1463.66,11156.82,Approved,Basic,0.36,Australia
Timothy Luna,19,Car,834.25,14504.64,Approved,Premium,0.71,Australia
Thomas Saunders,74,Travel,2105.96,217.81,Approved,Premium,0.86,Australia
Monica Faulkner,23,Car,1581.25,12135.55,Rejected,Standard,0.18,Australia
Laura Boone,68,Travel,4531.63,795.91,Rejected,Standard,0.29,Australia
Joseph Newman,62,Health,2182.46,3797.42,Approved,Gold,0.97,Australia
Elizabeth Osborn,58,Health,4241.93,10313.49,Approved,Gold,0.21,Australia
Mr. Kenneth Bishop,39,Travel,2085.42,6305.41,Rejected,Basic,0.8,Australia
Anne Coleman,68,Home,2534,13288.33,Approved,Standard,0.55,Australia
James Hill,61,Health,4095.48,2181.84,Rejected,Basic,0.84,Australia
Valerie Mckee,50,Life,2581.25,4676.63,Rejected,Gold,0.28,Australia
Mary Villanueva,65,Health,488.51,7859.78,Approved,Standard,0.88,Australia
Sarah Stewart,38,Travel,2915.04,16010.67,Rejected,Standard,0.94,Australia
Ashley Lindsey,54,Travel,801.52,9202.3,Approved,Basic,0.46,Australia
Miguel Wright,59,Car,2240.11,7732.77,Pending,Gold,0.89,Australia
Robert Young,67,Life,1850.7,5321.79,Approved,Standard,0.89,Australia
Phillip Brown,49,Travel,4329.29,14262.58,Rejected,Basic,0.1,Australia
Donald Dunn,25,Car,2850.82,6036.03,Approved,Gold,0.28,Australia
Lindsey Hudson,63,Travel,4542.64,9127.12,Pending,Basic,0.26,Australia
Bryan Davis,43,Car,2533.81,12220.34,Pending,Premium,0.01,Australia
Kristin Chavez,18,Life,1242.22,16421.03,Approved,Basic,0.69,Australia
David Caldwell,64,Car,2657.68,6722.98,Approved,Gold,0.35,Australia
Linda Russell,54,Travel,3420.77,5093.69,Approved,Gold,0.64,Australia
Renee Reese,56,Life,678.55,16736.53,Rejected,Gold,0.92,Australia
Adam Sanchez,26,Travel,1824.02,18759.87,Pending,Premium,0.76,Australia
Bonnie Santiago,43,Life,2000.17,14416.75,Rejected,Premium,0.75,Australia
Brittany Martinez,46,Home,2248.59,15341.73,Approved,Basic,0.19,Australia
Kendra Diaz,33,Home,698.03,3363.41,Pending,Premium,0.5,Australia
Tanya Hall,32,Life,3978.94,12878.96,Approved,Basic,0.05,Australia
Erica Daniel,20,Car,1927.62,12205.94,Pending,Gold,0.43,Australia
James Wilson,72,Health,2047.01,4622.55,Pending,Standard,0.55,Australia
Jon Smith,66,Home,2745.74,19911.76,Approved,Basic,0.91,Australia
Jared Hancock,34,Life,3458.79,15273.29,Rejected,Gold,0.19,Australia
Stephen Lyons,23,Home,1741.93,13037.21,Rejected,Standard,0.77,Australia
Kristina Mckee,59,Travel,2292.04,15425.59,Approved,Gold,0.38,Australia
Larry Hogan,50,Health,1199.27,12804.01,Approved,Basic,0.72,Australia
Jose Morton,75,Home,4050.04,18276.61,Approved,Premium,0.24,Australia
Dr. Gerald Mccann,49,Car,1927.01,227.78,Approved,Basic,0.18,Australia
Joseph Buchanan,21,Home,4090.22,838.06,Approved,Premium,0.77,Australia
Meghan Taylor,75,Home,2885.79,19060.27,Pending,Basic,0.41,Australia
Jill Garcia,61,Home,984.75,13118.49,Approved,Basic,0.84,Australia
Heather Sherman,33,Health,757.51,2512.43,Approved,Premium,0.93,Australia
Wanda Richardson,29,Travel,2561.02,13943.14,Approved,Gold,0.44,Australia
Eduardo West,53,Home,4878.1,11433.27,Approved,Gold,0.18,Australia
Deborah Williams,35,Life,1792.12,13043.94,Approved,Standard,0.9,Australia
Elizabeth Parks,27,Life,1191.5,11074.41,Approved,Standard,0.05,Australia
Dawn Wheeler,34,Car,4639.85,5215.36,Approved,Premium,0.27,Australia
Brianna Johnston,31,Life,3852.43,16761.27,Pending,Premium,0.42,Australia
Jeff Vance,21,Car,440.81,321.94,Approved,Premium,0.27,Australia
Tina Allison,31,Home,985.38,18878.34,Approved,Premium,0.5,Australia
Timothy Hunter,64,Car,2037.38,6804.71,Approved,Gold,0.84,Australia
Charles Bullock,30,Health,455.84,15338.11,Pending,Standard,0.48,Australia
Andrew Robinson,48,Health,4540.61,239.47,Approved,Standard,0.26,Australia
Cindy Cruz,72,Car,3593.21,14748.91,Pending,Gold,0.8,Australia
Christopher Gillespie,46,Life,4682.12,8457.5,Pending,Basic,0.97,Australia
Nicholas Harvey,71,Health,4390.56,4833.32,Rejected,Premium,0.99,Australia
Samantha Cook,29,Health,3192.69,19302.58,Pending,Basic,0.25,Australia
Amanda Edwards,40,Car,643.67,9185.48,Pending,Premium,0.83,Australia
Jeffrey Carpenter,26,Home,4972.02,13389.81,Approved,Gold,0.16,Australia
Brenda Trujillo,60,Travel,3490.81,14534.69,Pending,Standard,0.32,Australia
Jesus Fox,60,Car,3794.71,2704.98,Approved,Basic,0.68,Australia
Charles Evans,46,Life,4108.73,8835.03,Approved,Premium,0.57,Australia
Ronald Bishop,47,Health,3693.13,6469.16,Rejected,Basic,0.25,Australia
Garrett Hobbs,68,Life,517.44,5007.65,Approved,Premium,0.42,Australia
Mary Hunter,67,Health,4936.81,10434.15,Approved,Premium,0.24,Australia
Christopher Lawson,23,Life,2270.95,2159.69,Approved,Premium,0.8,Australia
Megan Morgan,56,Life,2043.48,15343.09,Approved,Premium,0.76,Australia
Michael Grimes,35,Car,3679.72,17345.11,Pending,Basic,0.23,Australia
Dana Malone,56,Life,4909.86,18910.38,Approved,Gold,0.26,Australia
Rose Contreras,57,Travel,4135.72,16165.73,Approved,Premium,0.55,Australia
Natalie Sloan,39,Health,3778.93,6952.02,Approved,Basic,0.91,Australia
Marcus Martinez,54,Life,4966.31,3462.51,Approved,Gold,0.08,Australia
Casey Valencia,27,Car,2476.89,4130.78,Approved,Standard,0.21,Australia
Ryan Farmer,34,Home,1542.14,4924.48,Approved,Gold,0.12,Australia
April Hoffman,49,Health,2677.34,19207.4,Approved,Standard,0.91,Australia
David Ramsey,55,Travel,321.28,16173.4,Approved,Premium,0.28,Australia
James Johnson PhD,72,Health,320.21,15211.87,Approved,Premium,0.37,Australia
Jacob Mccarthy,50,Home,3212.17,14970.25,Approved,Basic,0.2,Australia
Eugene Arroyo,67,Life,1502.69,1899.52,Approved,Gold,0.42,Australia
Tara Nelson,74,Car,4598.78,16319.28,Approved,Gold,0.98,Australia
Adam Roberts,48,Health,3156.08,19147.41,Approved,Standard,0.63,Australia
Francisco Murphy,65,Life,4239.39,15360.46,Pending,Basic,0.36,Australia
Crystal Reed,34,Home,374.35,7039.44,Approved,Basic,0.14,Australia
Tamara Brewer,59,Home,4897.51,4181.87,Rejected,Basic,0.72,Australia
Sarah Ross,57,Life,2298.26,3664.39,Approved,Gold,0.3,Australia
Andrew Mclean,69,Travel,1255.47,8876.67,Pending,Gold,0.99,Australia
Aaron Eaton,67,Travel,2738.08,15816.59,Approved,Gold,0.46,Australia
Mckenzie Wolfe,54,Life,1829.77,17848.03,Approved,Standard,0.52,Australia
Debra Garcia,44,Life,1641.53,10470.02,Rejected,Gold,0.36,Australia
Julian Strickland,28,Life,3322.43,13664.59,Pending,Basic,0.25,Australia
Leah Elliott,26,Life,3005.67,16292.86,Pending,Basic,0.79,Australia
Jackie Johnson,42,Car,731.18,18575.48,Pending,Basic,0.73,Australia
Devin Robles,27,Home,2545.93,1859.87,Approved,Gold,0.03,Australia
Cynthia Joseph,66,Travel,1899.23,15302.12,Approved,Gold,0.98,Australia
Beth Mcclain,51,Car,1728.06,3900.71,Rejected,Basic,0.85,Australia
Louis Davis,47,Travel,988.14,17386.21,Rejected,Basic,0.88,Australia
Tracy Kelly,49,Travel,1051.07,3971.22,Approved,Standard,0.12,Australia
Dean Wong,21,Life,2707.93,2693.67,Rejected,Standard,0.74,Australia
Misty Vaughn DDS,28,Life,1125.79,18099.04,Pending,Basic,0.15,Australia
Katherine Chavez,66,Travel,2199.45,7281.68,Rejected,Standard,0.95,Australia
Kathy Watkins,49,Life,2462.94,19883.6,Approved,Standard,0.67,Australia
Dawn Brown,45,Travel,4774.56,7807.24,Approved,Gold,0.96,Australia
Lawrence Padilla,51,Travel,2095.52,3767.1,Approved,Gold,0.13,Australia
Stephen Hernandez,57,Car,3678.29,13335.28,Rejected,Standard,0.57,Australia
Jose Mcdonald,26,Car,4752.4,6246.66,Approved,Premium,0.42,Australia
Ann Chen,30,Life,529.57,6193.97,Approved,Premium,0.36,Australia
Lisa Flores,33,Home,3990.43,7659.66,Pending,Standard,0.26,Australia
Crystal Miller,26,Health,2522.18,14698.83,Pending,Gold,0.99,Australia
Gregory Novak,55,Home,332.6,11956.35,Rejected,Premium,0.56,Australia
Megan Mendez,55,Health,2178.68,1428.16,Pending,Standard,0.91,Australia
Amanda Davis,48,Car,594.82,5115.73,Pending,Standard,0.33,Australia
Darryl Carey,66,Life,3708.55,9296.73,Approved,Standard,0.05,Australia
David Kelly,25,Travel,1904.13,7286.17,Pending,Premium,0.8,Australia
Isaac Martin,27,Life,2154.64,13898.31,Approved,Premium,0.35,Australia
Alicia Caldwell,35,Life,3779.16,15038.42,Approved,Premium,0.54,Australia
Robert Simpson,63,Travel,537.84,96.63,Approved,Premium,0.66,Australia
Patrick Wilson,59,Health,906.88,5106.79,Approved,Premium,0.38,Australia
Tyler Holder,72,Home,915.45,11501.46,Approved,Premium,0.07,Australia
Timothy Love,18,Car,1071.72,11906.93,Approved,Premium,0.14,Australia
Mary Carter,35,Car,2451.45,6967.55,Pending,Basic,0.7,Australia
Laurie Jefferson,34,Travel,4923.79,5254.69,Approved,Basic,0.97,Australia
Michele Hamilton,50,Life,3331.9,12129.4,Approved,Standard,0.95,Australia
Heather Lawrence,54,Travel,758.07,18111.41,Rejected,Premium,0.14,Australia
Sarah Griffin,58,Health,2392.37,17722.27,Rejected,Basic,0.11,Australia
Lauren Morse,31,Car,2052.76,11369.15,Pending,Gold,0.81,Australia
Taylor Dominguez,46,Car,3780.29,2689.83,Rejected,Standard,0.48,Australia
Karen Patton,71,Travel,4553.2,7728.65,Pending,Premium,0.71,Australia
David Morris,28,Home,3586.92,2418.27,Approved,Gold,0.65,Australia
Michael Howard,49,Car,956.02,10877.33,Pending,Standard,0.04,Australia
Linda Baxter,55,Life,2732.12,4665.41,Approved,Gold,0.16,Australia
Noah Pruitt,57,Home,4268.41,14025.67,Pending,Basic,0.55,Australia
Ashley Cole PhD,46,Life,3394.85,11435.35,Rejected,Gold,0.19,Australia
Katherine Sullivan,23,Home,3322.85,6167.7,Approved,Basic,0.94,Australia
Deanna Riley,36,Car,1471.55,1847.96,Approved,Standard,0.45,Australia
Jesus Taylor,21,Health,3198.3,10992.77,Approved,Gold,0.95,Australia
Mr. Bradley Salas PhD,36,Life,4730.84,305.93,Approved,Standard,0.54,Australia
Alexandra Shepard,27,Car,4834.63,16577.81,Rejected,Premium,0.94,Australia
Ashley Guzman,63,Health,3016.57,723.52,Approved,Gold,0.17,Australia
Erin Powell,62,Life,1538.28,19539.6,Pending,Premium,0.8,Australia
Christopher Travis,75,Travel,2695.84,6071.87,Approved,Standard,0.57,Australia
Donald Turner,21,Health,769.45,8816.48,Approved,Gold,0.79,Australia
Savannah Mckinney,27,Car,4421.23,922.07,Rejected,Basic,0.74,Australia
Donna Torres,56,Health,4801.79,5354.9,Pending,Premium,0.81,Australia
Samantha Delgado,44,Health,903.52,3403.4,Approved,Premium,0.38,Australia
Alexander Ayala,51,Travel,1688.42,12913.25,Approved,Gold,0.66,Australia
Tanner Wiley,67,Car,3211.38,12367.19,Approved,Standard,0.56,Australia
Ethan Stewart,30,Car,1648.04,7425.98,Approved,Standard,0.56,Australia
Shelly Mitchell,47,Health,4450.79,16644.48,Pending,Premium,0.28,Australia
James Williams,26,Health,3661.79,10139.87,Approved,Standard,0.38,Australia
Phillip Stephens,48,Home,1397.87,8380.28,Approved,Gold,0.65,Australia
Shawn Sellers,31,Health,4322.56,8817.29,Pending,Premium,0.23,Australia
Bonnie Oneill,18,Home,3729.12,9714.52,Pending,Standard,0,Australia
David Combs,73,Health,3319.43,19713.58,Approved,Gold,0.65,Australia
Linda Park,46,Life,1253.73,18980.68,Pending,Basic,0.05,Australia
Matthew Carrillo,40,Travel,2177.81,11130.35,Pending,Basic,0.14,Australia
Carrie Bishop,39,Travel,347.15,9616.04,Approved,Standard,0.29,Australia
Jamie Weaver,54,Life,4344.88,6122.07,Approved,Standard,0.44,Australia
Brandon Thomas PhD,55,Travel,1654.06,2241.47,Approved,Gold,0.2,Australia
Ryan Scott,75,Home,3678.17,3832.65,Pending,Basic,0.16,Australia
Courtney Miller,63,Travel,3443.3,13597.99,Pending,Standard,0.44,Australia
Rachel Gonzales,50,Car,4568.42,11486.15,Approved,Premium,0.09,Australia
Joshua Davis,48,Travel,2049.54,10875.97,Approved,Basic,0.09,Australia
Crystal Montoya,74,Life,3195.91,15279.25,Approved,Standard,0.58,Australia
Nicole Mills,65,Life,3965.54,13677.78,Approved,Standard,0.67,Australia
Jodi Ryan,38,Health,1211.34,17011.22,Pending,Gold,0.95,Australia
Brian Eaton,55,Car,3064.76,8989.34,Approved,Premium,0.34,Australia
Jason Tucker,71,Travel,3530.23,9411.61,Approved,Premium,0.15,Australia
Gwendolyn Jones,43,Home,1410.38,12635.72,Rejected,Basic,0.95,Australia
Suzanne Reyes,45,Life,1643.28,18087.49,Approved,Gold,0.79,Australia
Daniel Bond,20,Home,4983.63,17419.57,Pending,Gold,0.42,Australia
Jacqueline Cardenas,40,Car,2279.26,10.43,Rejected,Basic,0.63,Australia
Dr. Riley Meadows,20,Life,4757.75,18717.46,Approved,Premium,0.21,Australia
Lori Johnson,33,Home,3812.79,2994.88,Pending,Premium,0.41,Australia
James Chavez,45,Health,1300.53,17992.57,Approved,Premium,0.28,Australia
Ronald Higgins DDS,63,Health,2596.22,12452.82,Approved,Premium,0.32,Australia
Christopher Ford,29,Home,4707.79,17242.3,Approved,Standard,0.63,Australia
Douglas Moore,53,Home,3551.09,2975.63,Rejected,Premium,0.94,Australia
Marie Rivera,20,Life,553.75,1220.33,Approved,Standard,0.08,Australia
Charles Hayes,50,Travel,1884.08,4096.71,Approved,Standard,0.44,Australia
James Perry,68,Home,3564.78,9804.6,Rejected,Standard,0.05,Australia
Larry Martinez,62,Car,578.56,17959.36,Approved,Premium,0.96,Australia
Mark Turner,37,Car,4322.27,15067.39,Pending,Standard,0.52,Australia
Marie Thompson,21,Home,4218.5,6914.24,Approved,Standard,0.19,Australia
Joseph Bryant,58,Travel,2064.39,5038.35,Approved,Gold,0.59,Australia
Michelle Williams,57,Life,1373.98,6399.11,Approved,Basic,0.94,Australia
Mark Moore,38,Life,3594.54,4157.23,Approved,Basic,0.16,Australia
Danielle Meyer MD,70,Travel,669.9,10377.27,Approved,Gold,0.74,Australia
John Wise,69,Health,319.68,11000.65,Approved,Gold,0.94,Australia
Stephanie Campbell,55,Travel,1331.99,9363.68,Approved,Standard,0.72,Australia
Donald Bryant,47,Life,1941.9,12323.06,Approved,Premium,0.19,Australia
Laurie Wiggins,50,Travel,403.65,9333.21,Pending,Basic,0.65,Australia
Troy Martin,51,Health,1487.02,5744.87,Pending,Premium,0.98,Australia
Joshua Wagner,39,Life,1437.49,12717.42,Approved,Premium,0.44,Australia
Keith Hunter,55,Home,2069.68,16078.45,Approved,Premium,0.14,Australia
Sara Richard,64,Health,1595.1,358.28,Rejected,Standard,0.32,Australia
Robert Bradley,43,Travel,3077.19,13667.9,Rejected,Gold,0.47,Australia
Mackenzie Bryan,49,Travel,3605.77,6389.53,Approved,Premium,0.09,Australia
Jesse Brown,53,Health,517.58,11019.36,Approved,Gold,0.89,Australia
Adam Padilla,45,Travel,2639.24,742.87,Approved,Basic,0.65,Australia
Linda Mckinney,37,Home,3608.31,13905.11,Rejected,Standard,0.48,Australia
Amanda Kennedy,66,Home,2505.61,3744.71,Pending,Gold,0.16,Australia
Tony Atkins,27,Home,2681.81,8535.52,Approved,Gold,0.85,Australia
Kara Welch,44,Home,1684.46,9808.05,Approved,Premium,0.3,Australia
David Barajas,21,Travel,1379.02,10764.43,Pending,Gold,0.17,Australia
Nathan Holland,31,Travel,659.1,15727.43,Approved,Basic,0.06,Australia
Howard Duncan,31,Travel,4624.37,463.01,Rejected,Basic,0.12,Australia
Vickie Levy,65,Home,2790.62,15590.53,Rejected,Basic,0.66,Australia
Daniel Jennings,72,Home,2450.58,5791.15,Rejected,Basic,0.34,Australia
Tom Williams,19,Life,2738.6,11559.06,Approved,Gold,0.78,Australia
Kenneth Bailey,19,Car,2997.7,9764.13,Approved,Premium,0.81,Australia
Brian Brady,75,Car,2250.36,9907.55,Approved,Gold,0.88,Australia
Martha Gomez,18,Health,4485.79,3806.29,Approved,Standard,0.61,Australia
Matthew Garner,65,Travel,1447.07,14675.53,Rejected,Basic,0.27,Australia
Pamela Howe,32,Health,2377.68,3764.47,Rejected,Gold,0.41,Australia
Keith Phillips,43,Car,472.42,3501.67,Approved,Premium,0.67,Australia
Anthony Morales,39,Travel,1300.82,1248.86,Approved,Standard,0.67,Australia
Dr. Robert Lamb,38,Car,4941.84,8807.43,Approved,Standard,0.77,Australia
Jessica Baker,50,Car,932.04,749.74,Approved,Gold,0.35,Australia
James Bates,41,Car,1296.89,19315.86,Rejected,Gold,0.84,Australia
Valerie Jackson,69,Life,3168.93,7265.82,Approved,Basic,0.06,Australia
Blake Campbell,34,Car,2587.33,10811.39,Pending,Gold,1,Australia
Joseph Page,21,Life,1779.21,5618.48,Rejected,Premium,0.34,Australia
Joshua Palmer,65,Life,343.59,9734.14,Approved,Gold,0.11,Australia
Donna Nash,28,Life,3864.15,5825.45,Approved,Basic,0.6,Australia
Alexander Huffman,26,Life,4301.3,17057.41,Approved,Basic,0.51,Australia
Mitchell Thompson,48,Car,4538.81,4250.4,Approved,Basic,0.43,Australia
Cindy Moore,38,Health,3507.55,18739.64,Rejected,Gold,0.31,Australia
Kimberly Hayes,60,Home,4186.9,9943.97,Approved,Premium,0.64,Australia
Alex Collins,68,Health,2344.61,10701.42,Pending,Basic,0.24,Australia
Emily Johnson,49,Travel,1780.21,14443.73,Pending,Gold,0.18,Australia
Collin Lester,48,Home,3743.43,8758.21,Pending,Basic,0.64,Australia
Tommy Moss,74,Home,3444.77,10638.45,Rejected,Standard,0.1,Australia
Manuel Barnett,46,Health,4026.27,16673.91,Pending,Premium,0.44,Australia
Charles Kennedy,68,Home,721.78,14816,Approved,Gold,0.03,Australia
Maxwell Cunningham,62,Home,3012.11,15162.21,Pending,Basic,0.96,Australia
James Johnson,58,Travel,1079.64,3147.39,Approved,Premium,0.82,Australia
Michelle Buchanan,46,Car,4124.99,13571.42,Approved,Basic,0.38,Australia
Cynthia Oconnell,47,Travel,1405.41,11724.31,Pending,Premium,0.7,Australia
Julie Lam,60,Health,3720.67,13152.39,Approved,Basic,0.89,Australia
Miss Brittney Norton,20,Life,2989.46,6884.93,Approved,Gold,0.87,Australia
James Mccormick,30,Car,2986.97,389.27,Approved,Standard,0.72,Australia
Laura Santos,55,Health,2664.71,13895.3,Approved,Standard,0.49,Australia
Peggy Leon,38,Life,3096.57,10394.68,Approved,Basic,0.27,Australia
David Blankenship,24,Health,3587.32,10660.89,Pending,Standard,0.95,Australia
Steven Moore,74,Home,4616.59,16721.22,Approved,Gold,0.77,Australia
Rachel Lane,49,Life,1245.97,19868.02,Approved,Gold,0.65,Australia
Eric Burke,35,Car,3239.27,17513.06,Approved,Gold,0.83,Australia
Susan Ramsey,74,Health,2262.63,19021.06,Approved,Standard,0.68,Australia
Daisy Flowers,68,Life,306.74,19394.78,Approved,Standard,0.61,Australia
Brenda Lowe,69,Life,3846.87,946.83,Approved,Premium,0.75,Australia
Felicia Adams,73,Home,4215.54,15755.22,Approved,Gold,0.02,Australia
Monica Hawkins,72,Car,4582.91,473.34,Pending,Standard,0.08,Australia
William Herrera,37,Travel,797.04,17809.11,Pending,Premium,0.75,Australia
Patricia Roberts,47,Travel,1216.29,18821.69,Approved,Basic,0.8,Australia
Sarah Monroe,36,Health,2140.59,410.1,Approved,Standard,0.89,Australia
Craig Peterson,18,Car,3049.17,18810.81,Pending,Premium,0.12,Australia
Thomas Warren,71,Car,3752.93,6346.81,Approved,Basic,0.54,Australia
Thomas Wright,70,Travel,525.45,18793.77,Rejected,Basic,0.72,Australia
Clinton Harper,23,Health,3621.12,515.71,Approved,Standard,0.06,Australia
David Gonzales,39,Life,513.58,14684.96,Rejected,Basic,0.82,Australia
Donald Wright,36,Home,4911.19,8771.12,Approved,Premium,0.45,Australia
Jessica Norris,20,Life,2310.06,12758.23,Approved,Premium,0.38,Australia
Donald Murphy,68,Health,4857.17,12700.83,Rejected,Standard,0.84,Australia
Sergio Snyder,38,Home,4473.57,2086.91,Approved,Premium,0.76,Australia
James Jones,44,Travel,797.07,760.27,Pending,Basic,0.71,Australia
Timothy Brown,75,Travel,2496.76,7523.49,Approved,Standard,0.08,Australia
Eric Hernandez,32,Travel,2508.12,15842.09,Pending,Basic,0.49,Australia
Andre Clark,45,Travel,1915.35,5687.8,Approved,Premium,0.84,Australia
Shirley Torres,66,Health,2887.48,2583.56,Approved,Premium,0.91,Australia
