Age,Customer Name,Claim Amount (INR),Claim Status,Insurance Type,Annual Premium (INR),Product Tier,Risk Score,Country
63,Ananya,133919.37,Pending,Travel,49415.01,Premium,0.89,India
45,Kabir,27664.93,Approved,Travel,6208.88,Basic,0.17,India
57,Myra,119638.37,Rejected,Health,45724.03,Basic,0.84,India
58,Myra,16613.46,Rejected,Travel,44987.3,Basic,0.74,India
30,Myra,123427.27,Rejected,Travel,42725.68,Basic,0.97,India
39,Vihaan,305486.86,Pending,Health,48037.94,Basic,0.39,India
42,Diya,97796.02,Pending,Life,30799.01,Gold,0.99,India
65,Advait,253916.73,Approved,Car,17293.44,Gold,0.46,India
58,Aarav,54416.36,Pending,Health,10320.81,Standard,0.32,India
57,Advait,243712.07,Approved,Car,5174.73,Standard,0.78,India
60,Ishaan,484861.75,Pending,Car,37310.14,Gold,0.74,India
24,Aanya,497158.94,Approved,Travel,21890.36,Basic,0.1,India
49,Kabir,289583.76,Rejected,Life,40462.8,Premium,0.36,India
57,Ishaan,351758.48,Pending,Travel,28353.39,Standard,0.19,India
61,Kabir,324380.9,Approved,Health,37009.54,Premium,0.87,India
44,Vivaan,21524.06,Pending,Health,45762.22,Gold,0.36,India
18,Myra,194432.8,Approved,Health,14090.31,Gold,0.64,India
32,Aanya,396883.36,Rejected,Car,47757.2,Premium,0.7,India
43,Myra,408350.98,Rejected,Car,46066.04,Gold,0.43,India
22,Aarav,368505.61,Rejected,Travel,17578.65,Basic,0.25,India
48,Kabir,335479.27,Approved,Travel,38940.88,Basic,0.46,India
30,Ishaan,374610.08,Pending,Travel,14258.21,Basic,0.54,India
65,Vihaan,335631.97,Rejected,Car,47537.7,Premium,0.83,India
26,Advait,368985.15,Rejected,Travel,20649.96,Premium,0.19,India
21,Vivaan,218046.61,Rejected,Car,45696.06,Basic,0.02,India
36,Aanya,76419.93,Rejected,Health,13881.63,Gold,0.91,India
70,Myra,86916.77,Pending,Health,48732.05,Gold,0.37,India
39,Kabir,344099.46,Rejected,Health,20653.89,Standard,0.46,India
61,Advait,91211.31,Rejected,Life,28978.31,Premium,0.73,India
22,Aarav,246045.37,Rejected,Car,22022.41,Basic,0.13,India
33,Advait,417834.57,Approved,Car,40358.92,Basic,0.73,India
67,Kabir,44421.42,Pending,Health,34537.47,Standard,0.09,India
22,Vivaan,95472.35,Rejected,Life,18221.28,Basic,0.86,India
26,Kabir,28299.37,Rejected,Life,17149.64,Standard,0.94,India
37,Kabir,385540.02,Pending,Travel,33804.01,Basic,0.74,India
53,Ananya,135452.28,Pending,Travel,28203.49,Standard,0.04,India
35,Myra,151347.7,Approved,Car,28264.2,Gold,0.73,India
56,Vivaan,232071.56,Approved,Life,38604.95,Gold,0.78,India
46,Aarav,361743.32,Approved,Life,35982.41,Basic,0.87,India
24,Diya,96841.91,Pending,Life,26589.85,Gold,0.89,India
24,Myra,475109.54,Approved,Car,13108.04,Gold,0.27,India
21,Aanya,401255.28,Rejected,Car,32456.54,Gold,0.51,India
66,Vivaan,463467.06,Approved,Travel,44968.05,Gold,0.37,India
24,Vivaan,482083.28,Pending,Health,46320.71,Gold,0.63,India
19,Aanya,306221.09,Rejected,Car,18910.13,Basic,0.59,India
50,Ishaan,459691.27,Pending,Health,10985.93,Gold,0.56,India
30,Myra,399951.76,Approved,Travel,12008.16,Basic,0.39,India
26,Ishaan,146383.11,Approved,Life,14768.49,Premium,0.92,India
30,Advait,298383.46,Pending,Car,23439.47,Gold,0.91,India
18,Vihaan,73773.43,Pending,Life,23238.25,Gold,0.57,India
53,Myra,199519.78,Pending,Travel,9742.71,Basic,0.96,India
24,Ishaan,390774.02,Pending,Travel,29551.01,Gold,0.31,India
52,Aanya,135565.35,Pending,Health,32221.82,Basic,0.85,India
68,Aarav,53655.57,Approved,Car,1606.83,Gold,0.35,India
33,Advait,186442.95,Rejected,Travel,12758.64,Premium,0.5,India
65,Aarav,166176.84,Pending,Car,12240.51,Gold,0.49,India
44,Ishaan,160015.76,Approved,Life,9197.76,Premium,0.46,India
64,Aarav,109220.8,Rejected,Life,33967.32,Basic,0.33,India
65,Aarav,496791.93,Approved,Health,7090.95,Standard,0.02,India
32,Ananya,314160.41,Pending,Car,43657.96,Standard,0.72,India
43,Ananya,300202.96,Approved,Travel,47086.41,Basic,0.72,India
55,Aanya,412569.22,Approved,Travel,20242.24,Standard,0.87,India
49,Vihaan,366716.57,Rejected,Travel,43345.8,Basic,0.87,India
42,Kabir,136825.37,Pending,Health,32439.11,Standard,0.26,India
61,Ananya,373057.9,Approved,Health,25055.22,Basic,0.12,India
56,Myra,416646.52,Approved,Health,19606.66,Standard,0.67,India
55,Kabir,10251.59,Approved,Life,8174.03,Basic,0.15,India
32,Diya,348901.51,Rejected,Health,34016.22,Standard,0.76,India
59,Aanya,267826.75,Approved,Travel,46187.7,Premium,0.94,India
27,Advait,466342.52,Rejected,Health,36750.31,Gold,0.23,India
69,Diya,311497.18,Rejected,Health,7279.45,Gold,0.94,India
29,Aarav,421179.24,Rejected,Health,24202.17,Standard,0.62,India
26,Aanya,231144.99,Approved,Car,16267.05,Gold,0.74,India
29,Myra,102164.14,Approved,Life,27485.73,Standard,0.77,India
25,Ananya,297551.54,Rejected,Life,48139.4,Basic,0.95,India
25,Ishaan,173497.06,Pending,Health,46431.03,Gold,0.79,India
23,Vivaan,394722.38,Approved,Health,7190.34,Basic,0.97,India
18,Advait,91239.05,Rejected,Car,32240.23,Premium,0.69,India
47,Diya,105135,Rejected,Travel,21361.32,Basic,0.93,India
43,Aanya,304162.72,Approved,Travel,33226.94,Standard,0.94,India
28,Vivaan,294294.06,Pending,Health,40231.73,Standard,0.57,India
27,Vivaan,228387.71,Approved,Life,45290.45,Standard,0.07,India
40,Aanya,276132.84,Pending,Life,28368.96,Basic,0.27,India
56,Myra,355486.75,Pending,Life,23705.12,Gold,0.3,India
47,Myra,207464.99,Approved,Travel,2577.29,Standard,0.23,India
45,Ananya,24162.7,Rejected,Life,17788.29,Standard,0.25,India
48,Advait,410596.51,Rejected,Health,33427.56,Standard,0.66,India
18,Advait,101516.08,Approved,Car,49194.83,Basic,0.08,India
63,Kabir,180736.78,Pending,Travel,42424.65,Premium,0.1,India
37,Myra,200235.99,Rejected,Health,6993.11,Premium,0.87,India
47,Vivaan,443799.44,Rejected,Travel,26317.12,Standard,0.62,India
41,Advait,158025.38,Rejected,Travel,45074.49,Standard,0.03,India
23,Kabir,241321.9,Pending,Life,33958.38,Gold,0.48,India
42,Aanya,379166.65,Approved,Car,22214.92,Basic,0.41,India
63,Aanya,392629.99,Pending,Travel,24432.14,Gold,0.49,India
57,Vivaan,175565.47,Pending,Health,18743.47,Standard,0.1,India
62,Kabir,471382.38,Pending,Health,26654.21,Basic,0.55,India
38,Kabir,225963.12,Rejected,Life,32419.53,Basic,0.75,India
53,Kabir,361042.8,Approved,Car,47257.99,Basic,0.35,India
21,Ishaan,427377.5,Rejected,Travel,36987.05,Standard,0.77,India
53,Vivaan,51972.48,Pending,Travel,39553.94,Basic,0.11,India
30,Myra,153729.62,Pending,Life,41127.4,Standard,0.42,India
56,Advait,79394.47,Approved,Car,38816.71,Premium,0.61,India
27,Myra,231974.5,Pending,Health,18820.96,Basic,0.18,India
40,Diya,216022.92,Approved,Car,5366.05,Basic,0.4,India
32,Aanya,204545.91,Rejected,Health,17144.37,Standard,0.98,India
41,Advait,295349.61,Rejected,Health,47001.01,Basic,0.33,India
59,Myra,457344.57,Rejected,Car,40470.32,Standard,0.72,India
63,Aanya,17646.62,Pending,Life,45734.93,Premium,0.39,India
64,Ishaan,486985.5,Rejected,Life,32553.91,Premium,0.48,India
46,Ananya,258065.83,Approved,Car,44470.38,Premium,0.82,India
47,Aarav,359073.57,Approved,Travel,27737.69,Standard,0.45,India
35,Aarav,252346.84,Pending,Life,7499.76,Gold,0.79,India
68,Diya,332708.86,Rejected,Life,4363.61,Gold,0.03,India
48,Aarav,56692.93,Approved,Life,42682.31,Gold,0.74,India
21,Ishaan,403541.73,Rejected,Health,36268.69,Gold,0.51,India
49,Kabir,9566.13,Rejected,Car,21803.2,Premium,0.04,India
20,Advait,345350.42,Rejected,Travel,11257.51,Standard,0.79,India
49,Vihaan,299305.21,Approved,Travel,28469.78,Basic,0.5,India
66,Aarav,470185.98,Approved,Life,8871.29,Basic,0.05,India
39,Aanya,10582.68,Approved,Health,40752.84,Gold,0.76,India
70,Kabir,287770.85,Pending,Life,27091.67,Gold,0.83,India
59,Vivaan,382583.72,Pending,Travel,34349.05,Basic,0.18,India
39,Ishaan,382809.04,Pending,Life,49096.53,Standard,0.32,India
45,Ananya,49508.3,Rejected,Life,1547.35,Gold,0.75,India
48,Myra,130959.42,Approved,Car,5213.12,Premium,0.35,India
55,Ananya,74033.71,Pending,Travel,12837.94,Basic,0.36,India
38,Myra,355966.04,Approved,Car,8285.73,Premium,0,India
24,Kabir,113835.93,Pending,Car,26817.74,Basic,0.74,India
22,Kabir,231138.52,Rejected,Life,32158.72,Standard,0.66,India
36,Ishaan,61706.43,Approved,Car,1682.79,Gold,0.91,India
67,Vivaan,431516.17,Approved,Travel,35138.96,Standard,0.16,India
19,Advait,157513.07,Rejected,Car,42223.91,Premium,0.67,India
35,Myra,79022.49,Rejected,Health,12112.34,Gold,0.23,India
19,Vihaan,464576.84,Pending,Health,48619.31,Standard,0.18,India
54,Aarav,264723.8,Rejected,Car,7449.44,Gold,0.01,India
37,Ananya,192780.26,Pending,Life,8772.29,Gold,0.63,India
27,Myra,407602.25,Pending,Travel,46163.93,Basic,0.16,India
18,Aanya,227379.41,Rejected,Travel,38277.45,Premium,0.91,India
66,Diya,234939.9,Rejected,Car,8339.1,Basic,0.2,India
29,Aanya,221291.45,Pending,Health,38137.95,Premium,0.23,India
48,Ishaan,282161.99,Approved,Health,13960.77,Standard,0.98,India
31,Kabir,233335.39,Rejected,Car,34002.77,Gold,0.24,India
67,Kabir,282937.04,Pending,Car,43013.26,Standard,0.15,India
40,Advait,65631.02,Pending,Life,38838.79,Standard,0.8,India
27,Aarav,161456.67,Pending,Travel,8631.03,Basic,0.33,India
70,Diya,15986.39,Approved,Health,17771.43,Premium,0.94,India
70,Ananya,328852.49,Rejected,Life,41588.41,Standard,0.51,India
23,Vihaan,94520.62,Pending,Health,23611.29,Gold,0.45,India
46,Advait,408383.67,Rejected,Life,35206.82,Premium,0.29,India
32,Advait,441780.84,Rejected,Life,45704.16,Premium,0.58,India
40,Diya,493702.09,Approved,Travel,25478.23,Gold,0.08,India
20,Aanya,381601.4,Rejected,Life,2622.58,Basic,0.04,India
55,Advait,91179.12,Rejected,Health,31494.32,Basic,0.26,India
69,Aarav,277934.8,Rejected,Health,32466.92,Basic,0.2,India
55,Myra,180361.88,Rejected,Life,16153.24,Premium,0.69,India
28,Ananya,451079.54,Pending,Travel,6854.37,Standard,0.37,India
63,Ishaan,415554.38,Approved,Car,29651.5,Premium,0.22,India
31,Advait,152838,Rejected,Health,21935.3,Basic,0.49,India
48,Ananya,270902.48,Rejected,Car,16551.05,Premium,0.21,India
43,Ishaan,392341.78,Rejected,Travel,23016.51,Standard,0.3,India
67,Aanya,436466.42,Pending,Health,39293.71,Gold,0.75,India
40,Ishaan,286096.65,Rejected,Health,40399.92,Basic,0.83,India
49,Vivaan,489246.51,Pending,Health,11356.64,Standard,0.86,India
62,Diya,24267.77,Rejected,Travel,26102.9,Gold,0.11,India
42,Ananya,294561.55,Rejected,Travel,37811.17,Standard,0.42,India
32,Aarav,321141.71,Rejected,Health,38526.65,Standard,0.38,India
42,Aarav,68515.61,Rejected,Car,2697.26,Basic,0.37,India
40,Aanya,31499.26,Pending,Car,19820.77,Standard,0.94,India
39,Myra,187798.78,Pending,Life,17095.49,Gold,0.74,India
66,Ishaan,100590.56,Pending,Life,26739.48,Basic,0.78,India
42,Vivaan,479105.54,Approved,Car,41503.19,Standard,0.1,India
64,Aanya,123844.87,Rejected,Car,49301.41,Premium,0.17,India
49,Vihaan,208684.85,Approved,Travel,10763.52,Basic,0.6,India
32,Vihaan,412688.36,Rejected,Life,48701.68,Basic,0.47,India
22,Aarav,365087.99,Rejected,Travel,39723.48,Standard,0.48,India
62,Vihaan,109443.45,Approved,Life,5288.84,Premium,0.02,India
35,Kabir,293116.76,Rejected,Health,41803.72,Standard,0.57,India
48,Ishaan,19700.02,Approved,Travel,1827.1,Gold,0.74,India
20,Advait,83364.8,Pending,Travel,20944.16,Gold,0.79,India
26,Diya,192929.17,Rejected,Health,40860.46,Premium,0.47,India
65,Diya,405610.72,Pending,Travel,20527.95,Standard,0.74,India
46,Diya,27192.76,Approved,Health,33526.44,Basic,0.52,India
26,Diya,313048.1,Pending,Life,30546.78,Premium,0.44,India
42,Aanya,34662.04,Approved,Travel,38608.93,Premium,0.75,India
43,Advait,286164.05,Rejected,Health,9878.2,Premium,0.41,India
20,Vivaan,343570.02,Rejected,Car,3262.7,Gold,0.17,India
37,Advait,261316.09,Pending,Life,23561.84,Gold,0.34,India
34,Aanya,56491.59,Rejected,Health,7734.39,Premium,0.75,India
68,Vihaan,333907.02,Approved,Travel,21185.69,Basic,0.23,India
35,Advait,383055.96,Rejected,Car,9009.1,Basic,0.36,India
69,Aanya,425567.68,Approved,Car,20531.93,Gold,0.46,India
24,Vihaan,330745.52,Rejected,Travel,13092.69,Basic,0.97,India
51,Diya,294472.62,Rejected,Travel,8853.09,Standard,0.62,India
67,Ananya,372704.79,Approved,Travel,14357.41,Premium,0.35,India
45,Myra,45102.79,Pending,Car,34500.29,Gold,0.17,India
25,Ishaan,127494.52,Pending,Health,27247.01,Basic,0.43,India
47,Kabir,27522.58,Approved,Travel,24911.38,Gold,0.59,India
54,Kabir,64689.41,Rejected,Car,13100.97,Gold,0.72,India
36,Vivaan,161856.23,Rejected,Car,12348.01,Basic,0.08,India
44,Aarav,332203.79,Pending,Life,26449.51,Gold,0.81,India
21,Myra,383127.08,Rejected,Life,9855.06,Gold,0.23,India
67,Diya,60689.26,Rejected,Car,13619.49,Premium,0.46,India
32,Aanya,318078.28,Pending,Life,6552.98,Premium,0.75,India
39,Ishaan,180901.53,Pending,Car,26262.8,Premium,0.5,India
58,Vihaan,391689,Pending,Travel,37879.04,Basic,0.07,India
41,Aarav,140777.21,Pending,Travel,12832.92,Premium,0.95,India
47,Aanya,338225.52,Rejected,Health,38548.88,Basic,0.42,India
28,Advait,291442.06,Pending,Car,33370.56,Premium,0.27,India
40,Aarav,460580.5,Rejected,Life,16033.87,Standard,0.16,India
48,Vivaan,51174.74,Approved,Travel,31410.05,Premium,0.5,India
37,Vihaan,412780.76,Rejected,Car,3596.38,Basic,0.68,India
53,Ishaan,137576.03,Approved,Travel,2955.72,Gold,0.59,India
36,Aarav,152050.71,Rejected,Car,39559.48,Standard,0.85,India
37,Aanya,267241.44,Approved,Car,42169.85,Basic,0.56,India
53,Ishaan,5138.36,Pending,Life,11809.06,Gold,0.06,India
27,Myra,232755.38,Rejected,Health,43095.7,Basic,0.29,India
48,Advait,424029.41,Rejected,Health,45519.24,Basic,0.63,India
41,Aarav,301811.07,Rejected,Car,34254.19,Gold,0.49,India
30,Vihaan,236065.04,Pending,Health,46223.84,Basic,0.16,India
33,Myra,490712.47,Rejected,Life,28595.27,Basic,0.6,India
66,Aanya,158625.43,Rejected,Health,7812.33,Basic,0.35,India
59,Aanya,88119.91,Approved,Life,46852.94,Gold,0.99,India
44,Aarav,336228.93,Approved,Car,47774.48,Premium,0.73,India
49,Ishaan,85348.86,Pending,Car,38717.12,Gold,0.2,India
33,Aarav,235634.3,Approved,Car,36444.88,Basic,0.22,India
41,Advait,197519.7,Rejected,Car,13990.12,Standard,0.72,India
43,Vihaan,402225.06,Approved,Health,22859.37,Standard,0.14,India
44,Aanya,315646.64,Pending,Life,20262,Standard,0.85,India
25,Aanya,298568.5,Approved,Life,22115.62,Gold,0.44,India
55,Aanya,140947.56,Approved,Car,25478.69,Premium,0.04,India
48,Vivaan,333070.52,Pending,Travel,4313.8,Premium,0.89,India
66,Aarav,82835,Rejected,Travel,20918.49,Premium,0.2,India
59,Advait,107623.83,Pending,Health,15801.92,Basic,0.38,India
56,Ishaan,150540.6,Approved,Car,13496.16,Gold,0.66,India
69,Vivaan,228744.39,Approved,Travel,29511.48,Premium,0.76,India
32,Aarav,418902.5,Rejected,Health,15872.17,Standard,0.75,India
40,Diya,328683.86,Pending,Life,7070.03,Basic,0.63,India
21,Advait,441682.27,Approved,Life,14959.51,Gold,0.58,India
46,Ananya,265455.6,Rejected,Health,23038.08,Gold,0.28,India
62,Myra,172995.69,Rejected,Life,12899.84,Premium,0.07,India
49,Myra,425994.25,Rejected,Health,2426.14,Standard,0.66,India
33,Kabir,188620.05,Approved,Health,19638.82,Gold,0.46,India
51,Advait,216975.61,Pending,Travel,17274.08,Premium,0.15,India
51,Ishaan,408278.07,Approved,Life,42113.96,Gold,0.56,India
69,Aanya,252548.81,Rejected,Health,40008.16,Standard,0.05,India
69,Ananya,139663.55,Rejected,Health,21844.78,Gold,0.88,India
39,Ananya,393390.28,Pending,Car,4766.18,Basic,0.77,India
31,Vihaan,98462.72,Approved,Life,11995.16,Basic,0.44,India
20,Vihaan,432049.85,Approved,Travel,18518.66,Standard,0.78,India
47,Advait,291028.06,Approved,Travel,24324.22,Premium,0.86,India
55,Aanya,293868.03,Pending,Life,5584.21,Standard,0.5,India
28,Aanya,428579.13,Rejected,Health,49720.25,Basic,0.28,India
42,Ananya,327988.15,Rejected,Car,48972.26,Gold,0.56,India
21,Vivaan,367299.73,Approved,Car,11644.86,Gold,0.73,India
33,Vivaan,49411.35,Approved,Car,5297.69,Standard,0.94,India
34,Vivaan,154151.79,Pending,Life,36664.13,Standard,0.81,India
27,Myra,379652.92,Approved,Car,15796.04,Gold,0.99,India
38,Aarav,57059.94,Rejected,Car,26275.84,Basic,0.63,India
51,Diya,273053.79,Pending,Life,45710.57,Standard,0.23,India
41,Advait,413862.11,Approved,Car,7272.07,Basic,0.22,India
55,Ananya,135199,Approved,Life,11254.03,Basic,0.36,India
56,Myra,470282.4,Rejected,Travel,42008.1,Standard,0.18,India
64,Aarav,389780.08,Pending,Health,6033.75,Gold,0.96,India
45,Ananya,179024.93,Pending,Health,5540.96,Gold,0.08,India
34,Aarav,302636.24,Rejected,Travel,40783.36,Premium,0.61,India
68,Ishaan,160795.85,Rejected,Car,48768.05,Premium,0.26,India
27,Vivaan,153223.58,Approved,Travel,9101.11,Standard,0.03,India
40,Vihaan,423702.61,Pending,Life,23044.98,Premium,0.73,India
45,Vihaan,220892.5,Rejected,Travel,21436.99,Gold,0.88,India
51,Aarav,50092.59,Rejected,Health,41929.52,Basic,0.69,India
68,Advait,377146.58,Approved,Travel,26064.97,Premium,0.28,India
69,Ananya,478672.66,Approved,Health,23893.36,Gold,0.77,India
57,Vivaan,464909.24,Pending,Life,5937.44,Basic,0.17,India
25,Advait,337606.3,Rejected,Life,35938,Standard,0.7,India
24,Vihaan,358711.55,Rejected,Health,46389.47,Standard,0.84,India
20,Advait,315242.53,Approved,Car,39075.99,Basic,0.56,India
35,Advait,306172.25,Pending,Life,27403.82,Premium,0.56,India
21,Ishaan,394385.8,Approved,Travel,18120.98,Gold,0.29,India
56,Vihaan,435364.99,Pending,Car,43255.85,Standard,0.95,India
22,Advait,140142.84,Approved,Health,30863.87,Standard,0.88,India
44,Ananya,280272.66,Pending,Car,8534.16,Gold,0.31,India
49,Aanya,171022.44,Pending,Life,5364.19,Basic,0.19,India
32,Advait,215692.39,Rejected,Life,43421.55,Standard,0.16,India
41,Vivaan,41460.95,Rejected,Car,35432.31,Standard,0.59,India
59,Aarav,378450.29,Pending,Health,34816.44,Basic,0.53,India
37,Vihaan,384820.26,Rejected,Travel,42830.68,Gold,0.23,India
51,Advait,196470.05,Approved,Health,29899.62,Premium,0.09,India
32,Myra,37120.37,Approved,Travel,45459.55,Basic,0.68,India
45,Aarav,454141.61,Approved,Car,25997.56,Premium,0.03,India
25,Myra,186567.15,Pending,Life,16512.28,Gold,0.69,India
27,Diya,133351.09,Rejected,Travel,29671.97,Basic,0.33,India
62,Advait,21524.22,Approved,Life,8497.91,Basic,0.05,India
29,Myra,146742.58,Pending,Health,39052.7,Basic,0.11,India
51,Advait,89711.17,Approved,Life,29629.19,Premium,0.2,India
40,Kabir,243045.91,Rejected,Travel,35231.39,Gold,0.29,India
54,Diya,81917.11,Pending,Health,41881.56,Standard,0.5,India
53,Myra,360037.52,Pending,Car,36288.2,Gold,0.96,India
23,Vihaan,50326.99,Pending,Travel,15808.29,Standard,0.7,India
59,Diya,93219.92,Pending,Car,18634.01,Standard,0.67,India
20,Aanya,241281.67,Pending,Travel,19117.81,Standard,0.25,India
60,Vihaan,5863.55,Rejected,Health,46579.43,Premium,0.83,India
50,Diya,319306.22,Pending,Car,18528.59,Standard,0.65,India
42,Ananya,354609.32,Approved,Health,34785.86,Standard,0.77,India
46,Advait,317168.21,Rejected,Travel,27613.74,Standard,0.86,India
22,Ananya,486674.53,Pending,Travel,22812.5,Standard,0.64,India
35,Vihaan,25292.71,Rejected,Car,4587.13,Basic,0.1,India
45,Kabir,323942.78,Rejected,Car,35007.81,Gold,0.55,India
50,Aarav,476884.95,Pending,Travel,8235.29,Gold,0.12,India
59,Diya,231696.97,Approved,Life,16475.12,Gold,0.12,India
58,Myra,192526,Pending,Car,4699.91,Premium,0.28,India
20,Kabir,227430.08,Rejected,Life,30285.58,Gold,0.53,India
62,Myra,40432.63,Rejected,Health,30667.58,Basic,0.89,India
20,Aanya,464537.83,Rejected,Health,24285.79,Gold,0.9,India
64,Vihaan,65528.6,Pending,Travel,22369.93,Gold,0.06,India
61,Kabir,423499.09,Rejected,Life,24460.3,Standard,0.32,India
22,Ananya,280886.74,Pending,Health,35144.58,Standard,0.96,India
37,Aarav,69938.29,Pending,Health,9854.64,Basic,0.15,India
37,Kabir,264246.55,Rejected,Car,14198.12,Premium,0.97,India
32,Aanya,486348.35,Pending,Travel,46553.84,Gold,0.38,India
52,Advait,438709.18,Rejected,Travel,15390.97,Premium,0.18,India
22,Myra,277031.91,Rejected,Car,4045.83,Premium,0.72,India
53,Advait,267289.31,Approved,Travel,14462.98,Gold,0.78,India
27,Vihaan,39288.42,Pending,Health,24610.66,Premium,0.63,India
53,Advait,254064.4,Pending,Health,44213.77,Premium,0.49,India
19,Ishaan,73826.55,Pending,Health,39363.11,Basic,0.93,India
66,Aanya,456058.9,Approved,Life,20097.93,Premium,0.84,India
52,Myra,295786.96,Rejected,Health,8553.59,Basic,0.74,India
30,Ishaan,416643.76,Approved,Car,48697.09,Basic,0.38,India
58,Kabir,481684.29,Pending,Travel,3527.92,Standard,0.48,India
19,Myra,401751.11,Approved,Travel,40681.38,Basic,0.32,India
54,Myra,136515.15,Pending,Car,13969.83,Basic,0.82,India
36,Vihaan,39786.89,Approved,Life,18583.5,Basic,0.36,India
54,Diya,391394.1,Pending,Health,12446.8,Standard,0.52,India
34,Advait,329893.16,Pending,Health,26553.16,Basic,0.04,India
22,Myra,337470.19,Pending,Health,2562.92,Standard,0.85,India
28,Ishaan,333293.95,Approved,Health,12835.73,Basic,0.06,India
62,Kabir,133202.04,Approved,Health,5451.83,Standard,0.11,India
32,Ananya,43377.71,Rejected,Life,46158.45,Basic,0.18,India
24,Myra,95273.17,Approved,Travel,16000.05,Basic,0.54,India
64,Kabir,417393.51,Pending,Health,41837.5,Standard,0.45,India
42,Myra,365003.59,Pending,Car,18510.73,Basic,0.85,India
62,Ishaan,197497.74,Pending,Travel,21871.01,Standard,0.19,India
20,Ananya,339400.58,Rejected,Health,23489.88,Standard,0.04,India
37,Aarav,413113.9,Pending,Life,33420.29,Basic,0.83,India
26,Myra,453333.21,Approved,Travel,7576.99,Basic,0.91,India
67,Advait,425846.79,Rejected,Life,40638.19,Gold,0.65,India
28,Ananya,44227.62,Pending,Car,15703.07,Standard,0.22,India
35,Myra,380511.88,Approved,Health,16198.72,Basic,0.33,India
30,Ananya,28096.29,Approved,Car,27917.8,Gold,0.4,India
63,Vihaan,354614.04,Approved,Life,38802.36,Standard,0.35,India
70,Vihaan,250398.81,Pending,Car,46529.75,Gold,0.08,India
18,Myra,47691.47,Rejected,Travel,41121.98,Gold,0.32,India
40,Aanya,132669.27,Approved,Health,22256.31,Gold,0.77,India
26,Aanya,450298.35,Approved,Travel,35110.07,Premium,0.44,India
54,Aanya,409358.3,Rejected,Life,3807.21,Gold,0.41,India
25,Vihaan,60971.03,Pending,Travel,32255.91,Standard,0.83,India
58,Ananya,319738.77,Approved,Health,30531.83,Premium,0.92,India
54,Ishaan,458029.34,Rejected,Car,38992.07,Gold,0.91,India
68,Myra,368262.46,Approved,Car,23546.88,Standard,0.75,India
24,Vihaan,277705.4,Pending,Car,5941.52,Gold,0.46,India
26,Aanya,217359.2,Approved,Life,32603.52,Standard,0.24,India
49,Aarav,438553.33,Pending,Travel,38537.45,Gold,0.9,India
69,Ishaan,296556.49,Pending,Travel,12982.91,Basic,0.66,India
55,Kabir,156863.68,Approved,Life,12876.89,Gold,0.72,India
48,Ananya,387188.06,Approved,Health,12322.14,Gold,0.74,India
38,Kabir,27123.68,Pending,Life,26589.52,Gold,0.16,India
44,Vihaan,13944.62,Rejected,Travel,16023.21,Gold,0.13,India
27,Aarav,242918.08,Approved,Car,37491.71,Basic,0.05,India
39,Ananya,305619.11,Rejected,Travel,42436.03,Premium,0.24,India
50,Advait,199495.66,Approved,Car,18834.1,Standard,0.62,India
58,Ishaan,144686.03,Rejected,Health,46607.55,Standard,0.77,India
48,Kabir,243774.64,Approved,Life,49080.96,Standard,0.32,India
22,Vihaan,473023.37,Rejected,Travel,16733.7,Premium,0.15,India
29,Aarav,185707.01,Approved,Car,11259.76,Standard,0.85,India
70,Vivaan,467010.42,Rejected,Travel,25826.47,Gold,0.99,India
67,Aanya,399184.25,Pending,Travel,44125.42,Gold,0.85,India
53,Vihaan,169678.98,Approved,Travel,35712.08,Standard,0.4,India
69,Ananya,12883.82,Rejected,Life,18875.01,Basic,0.62,India
62,Ananya,321189.06,Approved,Car,23337.74,Gold,0.51,India
37,Ananya,267945.31,Rejected,Car,9388.32,Standard,0.07,India
27,Ishaan,76084.21,Rejected,Life,32418.72,Basic,0.84,India
20,Kabir,312115.95,Rejected,Car,23706.97,Standard,0.27,India
22,Aanya,64551.04,Approved,Car,6722.49,Basic,0.66,India
41,Kabir,481075.46,Approved,Travel,45595.49,Premium,0.14,India
65,Diya,79758.98,Approved,Travel,6963.9,Basic,0.02,India
47,Kabir,154433.1,Pending,Life,40401.81,Standard,0.06,India
58,Diya,9482.3,Pending,Car,45211.71,Premium,0.48,India
49,Vivaan,321236.02,Approved,Travel,7580.31,Standard,0.1,India
53,Vihaan,138455.55,Pending,Car,32841.57,Premium,0.33,India
33,Kabir,477477.16,Approved,Health,36076.36,Premium,0.02,India
64,Ananya,223707.06,Pending,Travel,11478.31,Basic,0.84,India
70,Diya,22644.61,Rejected,Car,39566.72,Basic,0.59,India
23,Ananya,35437.83,Rejected,Travel,16840.19,Standard,0.57,India
27,Vihaan,251174.36,Pending,Car,33421.1,Standard,0.75,India
66,Ishaan,183383.49,Approved,Health,4245.62,Premium,0.51,India
57,Vivaan,468151.47,Approved,Life,10820.26,Gold,0.38,India
28,Vihaan,249624.91,Rejected,Car,7559.09,Basic,0.65,India
43,Vihaan,337696.34,Pending,Health,48469.5,Basic,0.68,India
60,Vivaan,469250.92,Pending,Health,30743.84,Standard,0.61,India
68,Vihaan,435335.98,Pending,Life,11581.65,Basic,0.71,India
56,Ananya,69842.66,Rejected,Life,35638.28,Premium,0.72,India
68,Ishaan,76468.99,Approved,Life,33396.33,Gold,0.46,India
54,Diya,436856.3,Rejected,Travel,35317.45,Basic,0.45,India
42,Diya,321751.78,Approved,Car,16379.62,Basic,0.12,India
48,Vihaan,61151.82,Approved,Car,40002.47,Basic,0.22,India
42,Advait,102635.87,Rejected,Travel,10234.13,Basic,0.87,India
46,Diya,230051.87,Rejected,Car,18856.75,Basic,0.71,India
55,Diya,338084.16,Approved,Car,35844.28,Premium,0.37,India
32,Ananya,272025.37,Approved,Travel,30227.01,Gold,0.35,India
25,Vihaan,439670.73,Rejected,Life,43015.34,Premium,0.16,India
44,Ishaan,479036.45,Approved,Travel,48091.15,Premium,0.75,India
59,Diya,87349.77,Approved,Travel,1162.69,Premium,0.06,India
45,Diya,397790.13,Rejected,Life,30002.86,Basic,0.69,India
53,Advait,390408.59,Approved,Health,42767.67,Standard,0.9,India
57,Aarav,230778.36,Approved,Car,9373.84,Basic,0.07,India
20,Myra,16866.87,Approved,Health,37070.18,Gold,0.9,India
18,Ananya,101942.5,Rejected,Travel,1856.07,Standard,0.98,India
22,Diya,8249.41,Approved,Health,19461,Premium,0.31,India
25,Vihaan,407829.63,Approved,Car,6265.61,Premium,0.49,India
21,Ananya,279412.63,Rejected,Life,18718.55,Standard,0.69,India
68,Diya,151445.05,Rejected,Travel,30124.07,Basic,0.66,India
19,Aarav,14888.85,Rejected,Health,18919.64,Basic,0.65,India
34,Aarav,322716.03,Approved,Car,40088.25,Premium,0.04,India
26,Ishaan,69248.15,Approved,Life,1863.72,Premium,0.7,India
67,Vihaan,313315.52,Pending,Travel,44632.87,Basic,0.01,India
46,Ananya,71574.57,Pending,Car,19008.06,Premium,0.02,India
69,Kabir,290561.4,Approved,Health,33087.4,Gold,0.5,India
27,Aanya,111975.78,Approved,Health,43856.26,Premium,0.91,India
31,Ishaan,457342.5,Pending,Health,27496.71,Basic,0.68,India
54,Vihaan,257985.36,Pending,Car,34575.41,Basic,0.63,India
64,Aanya,492187.35,Approved,Travel,23445.41,Premium,0.94,India
49,Advait,24728.18,Rejected,Health,38941.3,Basic,0.91,India
18,Ishaan,254633.29,Pending,Car,45411.15,Gold,0.63,India
22,Ishaan,112108.09,Pending,Car,1682.37,Gold,0.71,India
40,Myra,238524.29,Approved,Life,25716.6,Gold,0.89,India
18,Aanya,283529.61,Pending,Health,26524.32,Premium,0.48,India
38,Ishaan,268701.02,Approved,Life,26763.01,Basic,0.22,India
70,Vivaan,186476.25,Approved,Life,15153.92,Standard,0.68,India
18,Kabir,36732.5,Rejected,Travel,9013.3,Standard,1,India
41,Ananya,477569.26,Rejected,Health,33673.64,Premium,0.07,India
68,Aanya,375318.26,Rejected,Health,6147.98,Premium,0.95,India
45,Aanya,395083.81,Pending,Travel,11658.39,Premium,0.18,India
39,Advait,295480.67,Rejected,Life,11621.45,Gold,0.76,India
62,Myra,471915.7,Pending,Life,18735.46,Basic,0.65,India
61,Vihaan,111576.34,Approved,Life,49576.61,Gold,0.97,India
65,Myra,447472.74,Pending,Life,10058.86,Premium,0.43,India
50,Myra,180424.13,Rejected,Car,38168.43,Basic,0.12,India
66,Aanya,252173.61,Rejected,Life,12259.94,Premium,0.94,India
70,Ishaan,372080.97,Approved,Car,33406.36,Basic,0.69,India
30,Aanya,212269.71,Pending,Health,39847.16,Basic,0.81,India
34,Kabir,396779.08,Approved,Travel,28794.22,Standard,0.14,India
30,Advait,106031.39,Rejected,Health,29172.49,Premium,0.48,India
29,Aanya,333150.61,Rejected,Travel,17641.47,Premium,0.01,India
33,Vihaan,76694.03,Pending,Health,35518.69,Basic,0.66,India
66,Myra,127488.42,Approved,Car,23525.99,Premium,0.07,India
43,Aanya,421033.4,Rejected,Travel,3304.3,Basic,0.18,India
47,Vihaan,354428.34,Approved,Travel,31661.69,Gold,0.26,India
27,Ishaan,492831.1,Rejected,Health,40371.05,Standard,0.43,India
56,Vihaan,240567.08,Approved,Health,46579.64,Premium,0.16,India
60,Aanya,302471.2,Approved,Life,45640.29,Basic,0.68,India
47,Kabir,314735.19,Rejected,Travel,7546.63,Basic,0.06,India
33,Vihaan,11521.25,Approved,Life,28326.88,Standard,0.76,India
65,Vihaan,201291.95,Pending,Health,48015.06,Premium,0.95,India
67,Aanya,62640.34,Rejected,Life,23503.59,Premium,0.83,India
49,Vivaan,201131.59,Approved,Travel,13420.34,Standard,1,India
18,Aanya,462359.56,Approved,Car,3696.54,Premium,0.08,India
53,Vihaan,84023.09,Rejected,Travel,21693.49,Gold,0.83,India
39,Kabir,277676.52,Rejected,Life,28974.45,Premium,0.86,India
67,Ananya,488001.02,Rejected,Life,3614.22,Premium,0.23,India
20,Myra,407724.32,Rejected,Travel,17727.52,Standard,0.53,India
18,Diya,44644.26,Rejected,Travel,33927.54,Gold,0.53,India
70,Ananya,115200.71,Rejected,Car,18536.47,Standard,0.35,India
48,Myra,164084.89,Pending,Travel,46211.73,Gold,0.16,India
34,Diya,425852.75,Pending,Travel,28080.2,Premium,0.85,India
24,Aarav,385566.79,Approved,Car,36302.18,Basic,0.18,India
30,Advait,277992.05,Pending,Life,20223.79,Gold,0.51,India
52,Advait,254641.97,Approved,Car,7193.29,Basic,0.48,India
63,Ananya,79982.65,Rejected,Car,24688.86,Basic,0.96,India
29,Myra,38815.52,Approved,Travel,46461.08,Standard,0.57,India
65,Kabir,260481.04,Pending,Health,1417.44,Basic,0.35,India
28,Vivaan,64707.26,Approved,Travel,33186.39,Basic,0.63,India
58,Diya,302205.17,Approved,Health,2305.22,Standard,0.55,India
18,Diya,123546.44,Rejected,Car,15457.52,Premium,0.46,India
65,Ananya,447049.12,Pending,Car,32034.77,Basic,0.66,India
66,Aanya,347658.21,Rejected,Car,27707.95,Gold,0.02,India
68,Ananya,282695.43,Approved,Car,34995.55,Gold,0.71,India
34,Myra,275001.66,Rejected,Health,33008.72,Standard,0.69,India
63,Ananya,25157.7,Rejected,Life,6847.53,Standard,0.12,India
30,Aanya,35185.93,Approved,Travel,19203.46,Basic,0.76,India
27,Ananya,74091.34,Pending,Travel,41803.17,Basic,0.65,India
40,Kabir,163325.09,Pending,Life,45958.26,Standard,0.65,India
62,Diya,433675.5,Pending,Travel,41444.94,Standard,0.33,India
65,Aanya,422986.26,Approved,Health,20674.74,Standard,0.22,India
58,Diya,211695.09,Approved,Life,8053.82,Gold,0.61,India
64,Advait,444099.5,Pending,Travel,37587.51,Standard,0.97,India
56,Advait,368698.14,Rejected,Health,5040.78,Standard,0.89,India
66,Kabir,490035.39,Rejected,Car,7442.73,Gold,0.78,India
20,Vihaan,415181.28,Approved,Health,11089.24,Basic,0.6,India
56,Advait,438804.56,Approved,Life,20726.83,Gold,0.16,India
60,Myra,271471.13,Rejected,Life,19627.48,Standard,0.45,India
52,Aanya,209535.78,Pending,Health,11946.72,Standard,0.26,India
43,Aarav,253125.03,Pending,Life,18770.07,Premium,0.21,India
58,Vihaan,499590.29,Rejected,Car,1208.1,Basic,0.79,India
29,Diya,384557.86,Rejected,Life,5953.39,Gold,0.06,India
34,Ananya,121880.31,Approved,Travel,10874.79,Premium,0.13,India
29,Ishaan,387427.78,Approved,Health,22929.87,Gold,0.75,India
62,Aanya,472981.99,Approved,Travel,18696.22,Standard,0.6,India
47,Aarav,122591.66,Pending,Car,11906.85,Gold,0.29,India
53,Diya,77497.59,Rejected,Health,28234.04,Standard,0.01,India
64,Advait,226227.27,Pending,Health,41994.43,Premium,0.88,India
28,Vihaan,481338.69,Rejected,Life,1703.07,Premium,0.31,India
69,Aarav,246852.44,Rejected,Car,38830.21,Basic,0.48,India
64,Vivaan,126576.14,Pending,Health,29391.5,Premium,0.15,India
27,Advait,155901.71,Pending,Car,44269.24,Gold,0.19,India
53,Ananya,252065.13,Rejected,Life,47939.95,Standard,0.88,India
41,Vihaan,224885.59,Rejected,Car,39387.21,Gold,0.51,India
59,Advait,305420.74,Rejected,Life,24468.33,Gold,0.2,India
20,Vihaan,348478.75,Rejected,Life,25186.63,Premium,0.07,India
29,Aanya,229795.46,Pending,Car,1988.7,Standard,0.5,India
64,Kabir,110309.57,Approved,Travel,11349.15,Basic,0.9,India
18,Aanya,281086.77,Pending,Travel,8344.29,Basic,0.95,India
66,Myra,178672.18,Rejected,Travel,28415.08,Premium,0.39,India
65,Ishaan,299172.56,Approved,Travel,30687.13,Basic,0.87,India
30,Ishaan,473733.51,Approved,Health,20936.59,Gold,0.1,India
60,Vihaan,310942.69,Pending,Car,32164.87,Basic,0.95,India
37,Advait,90074.12,Rejected,Health,9908.32,Standard,0.22,India
47,Vihaan,131970.63,Rejected,Health,40240.74,Standard,0.06,India
53,Vivaan,449440.28,Rejected,Health,10898.44,Standard,0.76,India
51,Myra,59152.78,Approved,Car,30511.66,Basic,0.44,India
25,Vihaan,77237.58,Approved,Travel,8287.36,Premium,0.28,India
28,Vivaan,476954.74,Pending,Life,39552.16,Standard,0.94,India
68,Ananya,214470.1,Rejected,Travel,41823.89,Gold,0.12,India
53,Ishaan,50834.13,Pending,Life,21559.23,Gold,0.2,India
31,Diya,161764.57,Pending,Health,18460.61,Basic,0.33,India
60,Advait,394565.8,Approved,Life,38361.01,Premium,0.26,India
24,Ananya,471261.34,Approved,Life,28167.24,Gold,0.94,India
27,Ishaan,106315.43,Pending,Life,47235.83,Standard,0.99,India
55,Vihaan,249032.16,Approved,Car,13588.19,Premium,0.08,India
34,Ananya,257265.77,Pending,Travel,21356.83,Gold,0.31,India
25,Vivaan,196371.75,Rejected,Health,37190.78,Standard,0.01,India
43,Ishaan,431792.35,Pending,Life,26533.86,Standard,0.02,India
21,Advait,382161.76,Rejected,Health,42343.84,Standard,0.65,India
29,Advait,139696.45,Approved,Travel,29593.28,Standard,0.2,India
30,Vivaan,71837.07,Approved,Car,42065.46,Premium,0.65,India
37,Myra,408394.66,Approved,Life,18803.38,Premium,0.7,India
39,Vivaan,254598.54,Approved,Travel,11405.18,Gold,0.83,India
39,Aarav,335721.17,Rejected,Travel,43105.5,Basic,0.14,India
35,Myra,419123.27,Rejected,Health,29246.94,Premium,0.57,India
50,Aarav,30230.27,Approved,Life,12601.7,Gold,0.12,India
18,Myra,77454.66,Pending,Travel,45944.96,Standard,0.1,India
51,Myra,187586.16,Rejected,Health,3348.31,Basic,0.06,India
55,Diya,136036.39,Pending,Health,20910.79,Standard,0.75,India
37,Ishaan,242216.75,Approved,Car,14811.74,Standard,0.83,India
29,Aanya,385020.8,Approved,Travel,22609.24,Gold,0.67,India
53,Diya,478394.06,Pending,Travel,48703.61,Basic,0.56,India
65,Aarav,451679.1,Pending,Travel,1951.98,Basic,0.11,India
27,Diya,333445.71,Pending,Life,12318,Premium,0.6,India
23,Ananya,249695.38,Rejected,Car,5443.93,Premium,0.32,India
32,Kabir,409333.73,Pending,Health,19055.27,Gold,0.7,India
41,Vihaan,345582.09,Approved,Life,37651.36,Gold,0.43,India
32,Kabir,306933.43,Pending,Travel,35907.37,Standard,0.41,India
55,Diya,52955.85,Rejected,Health,29065.15,Gold,0.13,India
49,Vivaan,441725.6,Approved,Travel,39864.23,Gold,0.23,India
57,Advait,253227.3,Approved,Travel,1627.07,Standard,0.74,India
30,Vihaan,62029.22,Pending,Travel,2114.01,Premium,0.71,India
45,Aanya,249139.66,Rejected,Car,15670.77,Premium,0.84,India
19,Myra,69114.54,Approved,Life,47636.34,Gold,0.73,India
31,Ishaan,322436.15,Pending,Travel,11650.82,Premium,0.23,India
45,Aanya,250643.83,Pending,Health,1528.07,Basic,0.34,India
53,Vivaan,363048.73,Approved,Life,25602.62,Basic,0.23,India
18,Vivaan,204025.5,Pending,Life,21409.69,Premium,0.17,India
41,Myra,159248.44,Pending,Health,22040.85,Standard,0.21,India
56,Vihaan,484508.16,Rejected,Travel,19976.89,Gold,0.92,India
56,Ananya,28727.34,Approved,Health,2568.87,Standard,0.08,India
37,Diya,249845.81,Approved,Car,19019.46,Gold,0.21,India
64,Vihaan,99437.45,Approved,Life,14517.61,Premium,0.82,India
57,Ishaan,497581.72,Pending,Life,26132.16,Gold,0.03,India
26,Aanya,436769.05,Approved,Health,2919.62,Gold,0.95,India
23,Aanya,355555.84,Rejected,Health,15454.08,Premium,0.93,India
38,Vihaan,267615.87,Rejected,Car,16402.7,Basic,0.4,India
66,Vihaan,381280.17,Approved,Car,20397.47,Premium,0.46,India
66,Vivaan,417388.12,Pending,Travel,3665.19,Standard,0.73,India
38,Ishaan,294602.54,Rejected,Car,8790.31,Premium,0.59,India
20,Ishaan,324004.73,Approved,Car,41754.59,Premium,0.39,India
57,Ishaan,63089.23,Approved,Health,25719.11,Standard,0.95,India
68,Vivaan,238432.9,Pending,Life,44728.05,Basic,0.68,India
53,Vivaan,211319.28,Rejected,Travel,26073.86,Basic,0.37,India
60,Aarav,178399.11,Pending,Travel,32982.31,Gold,0.16,India
24,Aanya,408957.52,Rejected,Life,20739.71,Gold,0.21,India
33,Myra,61924.99,Pending,Life,36333.73,Basic,0.92,India
63,Advait,232621.75,Approved,Health,15028.45,Basic,0.47,India
52,Diya,164372.91,Rejected,Health,38420.76,Premium,0.9,India
51,Myra,207121.31,Pending,Car,3649.88,Gold,0.15,India
41,Diya,36833.31,Approved,Life,19558.8,Gold,0.28,India
39,Myra,249923.03,Rejected,Car,35300.05,Standard,0.82,India
70,Ishaan,423176.95,Rejected,Health,4779.78,Premium,0.45,India
34,Kabir,455813.83,Approved,Life,18829.09,Basic,0.66,India
39,Myra,330499.85,Pending,Car,1140.44,Premium,0.71,India
64,Ishaan,240250.76,Pending,Travel,34427.89,Standard,0.29,India
49,Advait,410951.47,Rejected,Health,26736.57,Premium,0.59,India
30,Ananya,341590.02,Pending,Car,6377.87,Standard,0.43,India
62,Advait,220897.57,Approved,Health,12446.91,Gold,0.98,India
29,Diya,118254.89,Pending,Car,37742.11,Standard,0.25,India
69,Advait,69983.23,Rejected,Travel,5208.33,Basic,0.79,India
65,Vihaan,476870.41,Rejected,Travel,33264.89,Basic,0.51,India
45,Kabir,480433.86,Rejected,Health,26390.75,Premium,0.47,India
48,Vivaan,446889.04,Pending,Life,21542.13,Premium,0.22,India
37,Myra,355656.91,Approved,Travel,36812.65,Basic,0.73,India
39,Vivaan,492702.43,Pending,Car,16727.23,Premium,0.99,India
50,Vihaan,156490.97,Pending,Life,46862.36,Basic,0.88,India
57,Vihaan,32566.27,Pending,Travel,44590.25,Premium,0.96,India
49,Vihaan,190124.93,Rejected,Health,5221.89,Standard,0.84,India
53,Vivaan,160322.79,Rejected,Travel,18372.32,Premium,0.97,India
28,Myra,42837.17,Approved,Travel,12652.67,Premium,0.65,India
43,Ananya,220701.14,Pending,Car,27916.33,Standard,0.08,India
48,Diya,465127.89,Pending,Health,49126.44,Premium,0.11,India
66,Diya,89466.3,Pending,Car,48399.68,Gold,0.27,India
35,Vihaan,226341.65,Pending,Car,10956.14,Gold,0.44,India
52,Advait,400615.38,Rejected,Health,36368.63,Basic,0.5,India
57,Aanya,493100.97,Rejected,Health,47223.23,Basic,0.95,India
60,Aarav,142839.76,Pending,Life,48605.68,Premium,0.26,India
35,Kabir,403870.74,Rejected,Health,6234.31,Standard,0.85,India
68,Vivaan,127821.24,Approved,Car,32402.63,Gold,0.21,India
69,Kabir,489962.38,Rejected,Life,1005.53,Premium,0.29,India
35,Aarav,234474.34,Rejected,Car,48607.34,Basic,0.28,India
20,Ananya,268777.28,Pending,Health,36012.06,Basic,0.98,India
19,Vivaan,211588.66,Rejected,Travel,18071.86,Gold,0.23,India
41,Ishaan,45223.15,Approved,Travel,6376.93,Premium,0.22,India
31,Myra,109707.24,Pending,Life,47675.15,Gold,0.63,India
23,Ishaan,199687.01,Pending,Car,47371.88,Standard,0.91,India
51,Aarav,91346.39,Pending,Car,41828.77,Premium,0.04,India
27,Ishaan,368219.32,Pending,Car,43708.26,Premium,0.85,India
46,Myra,305381.21,Pending,Life,5555.55,Basic,0.11,India
59,Ishaan,201224.03,Rejected,Car,3332.81,Standard,0.19,India
66,Advait,315557.84,Approved,Travel,31241.96,Premium,0.51,India
41,Diya,302887.12,Rejected,Car,18860.61,Basic,0.98,India
21,Aarav,240203.45,Approved,Car,27652.95,Basic,0.2,India
34,Aanya,405142.38,Approved,Life,39905.56,Gold,0.22,India
24,Aanya,123786.41,Rejected,Travel,30123.91,Standard,0.59,India
40,Kabir,271170.53,Approved,Health,35968.64,Standard,0.64,India
62,Diya,374660.53,Pending,Health,8247.27,Premium,0.88,India
61,Kabir,230872.52,Pending,Life,29164.49,Gold,0.77,India
56,Ishaan,293744.03,Approved,Life,12068.7,Premium,0.37,India
26,Vihaan,152984.01,Rejected,Travel,35108.67,Gold,0.92,India
59,Ishaan,484594.22,Approved,Life,28100.51,Gold,0.4,India
63,Kabir,87856.91,Rejected,Health,12886.32,Basic,0.24,India
33,Advait,206998.65,Approved,Travel,30124.65,Gold,0.85,India
19,Aarav,389965.88,Pending,Travel,30980.67,Premium,0.52,India
40,Diya,389164.84,Pending,Car,37732.45,Gold,0.66,India
54,Diya,244168.03,Rejected,Car,3977.97,Gold,0.21,India
61,Kabir,20056.63,Rejected,Life,17756.79,Premium,0.31,India
29,Vihaan,351339.75,Pending,Car,10716.23,Premium,0.06,India
46,Kabir,483164.07,Rejected,Car,6541.19,Gold,0.31,India
65,Ishaan,423332.17,Pending,Travel,22842.25,Standard,0.95,India
27,Ishaan,144020.11,Pending,Car,47932.13,Gold,0.92,India
41,Ananya,96970.71,Rejected,Life,49790.8,Standard,0.43,India
22,Vivaan,210209.88,Rejected,Health,22096.34,Basic,0.62,India
59,Aanya,131027.47,Rejected,Travel,23211.12,Standard,0.17,India
25,Kabir,105806.11,Approved,Car,34116.11,Basic,0.02,India
57,Advait,223090.27,Approved,Travel,33396.63,Basic,0.61,India
67,Ananya,354876.8,Approved,Life,44385.45,Standard,0.17,India
41,Aanya,458147.15,Pending,Health,5848.88,Standard,0.39,India
64,Advait,259022.34,Pending,Life,22216.22,Basic,0.36,India
63,Myra,418229.07,Pending,Life,46453.56,Standard,0.76,India
40,Diya,51321.08,Rejected,Travel,34967.26,Standard,0.41,India
53,Ishaan,411971.38,Approved,Life,46753.72,Standard,0.26,India
50,Myra,460756.28,Approved,Car,19734.68,Gold,0.3,India
25,Myra,432013.7,Rejected,Travel,43798.43,Standard,0.86,India
70,Aarav,239923.45,Rejected,Life,35132.87,Standard,0.2,India
52,Aanya,380963.98,Rejected,Life,26115.22,Basic,0.48,India
50,Kabir,450644.24,Rejected,Car,16868.76,Standard,0.96,India
38,Aarav,152397.47,Approved,Health,10981.1,Basic,0.95,India
19,Advait,455241.33,Approved,Travel,41863.79,Premium,1,India
26,Aarav,292984.43,Rejected,Health,49249.83,Basic,0.46,India
64,Vihaan,197236.08,Approved,Travel,49098.98,Basic,0.96,India
24,Vihaan,201303.94,Pending,Travel,49456.41,Gold,0.73,India
63,Ananya,109689.2,Approved,Health,24767.07,Basic,0.12,India
49,Ananya,439695.66,Approved,Life,45419.34,Standard,0.51,India
56,Myra,360923.77,Rejected,Travel,35251.3,Gold,0.86,India
21,Advait,89882.89,Pending,Car,32850.03,Premium,0.56,India
19,Aarav,148218.36,Approved,Car,3512.59,Premium,0.62,India
58,Aanya,192676.43,Rejected,Car,30259.77,Standard,0.91,India
29,Diya,296276.6,Pending,Health,46475.3,Gold,0.81,India
24,Kabir,255342.68,Pending,Car,37309.73,Gold,0.25,India
43,Advait,167284.97,Rejected,Health,28169.87,Premium,0.33,India
24,Vivaan,146519.7,Pending,Health,16818.16,Premium,0.56,India
52,Ishaan,92531.02,Approved,Life,10801.83,Standard,0.16,India
30,Vihaan,182843.58,Approved,Travel,10269.65,Standard,0.72,India
64,Myra,203842.89,Rejected,Health,3271.95,Standard,0.57,India
24,Myra,259408.34,Pending,Health,10880.29,Gold,0.03,India
30,Aarav,352709.86,Rejected,Travel,6448.43,Premium,0.55,India
25,Ananya,352069.07,Approved,Travel,26144.19,Basic,0.18,India
66,Aanya,453262.42,Approved,Car,2187.82,Basic,0.76,India
60,Kabir,454733.34,Approved,Life,15287.18,Basic,0.72,India
55,Ananya,54979.68,Rejected,Life,25820.32,Gold,0.91,India
34,Advait,289242.02,Rejected,Life,27631.44,Basic,0.87,India
67,Vivaan,36247.21,Approved,Travel,42440.05,Standard,0.91,India
25,Advait,431008.21,Approved,Travel,21596.17,Premium,0.61,India
67,Aanya,499427.28,Pending,Life,24961.24,Premium,0.06,India
47,Vivaan,216606.67,Pending,Health,39035.17,Standard,0.37,India
65,Ananya,261061.33,Pending,Health,48153.61,Premium,0.47,India
36,Myra,107169.61,Rejected,Travel,48840.88,Basic,0.82,India
34,Diya,118377.51,Rejected,Travel,17804.1,Premium,0.5,India
34,Ananya,127258.36,Pending,Car,22635.87,Standard,0.64,India
62,Ishaan,113480.43,Approved,Life,21439.45,Gold,0.99,India
31,Vivaan,70777,Pending,Car,33585.87,Standard,0.37,India
70,Kabir,202169.4,Rejected,Travel,23592.78,Premium,0.65,India
33,Ishaan,119913.65,Rejected,Health,10490.35,Basic,0.67,India
50,Ananya,9450.3,Rejected,Health,1409.92,Premium,0.73,India
39,Ananya,430339.04,Approved,Car,29044.81,Basic,0.26,India
62,Advait,16028.34,Rejected,Life,39803.69,Premium,0.31,India
38,Advait,221550.23,Approved,Health,32244.95,Premium,0.18,India
62,Kabir,490135.7,Pending,Car,1667.88,Basic,0.15,India
52,Ananya,136723.55,Approved,Health,8695.9,Standard,0.08,India
64,Diya,278576.87,Rejected,Health,30137.45,Standard,0.3,India
34,Vivaan,305113.21,Rejected,Car,15212.11,Basic,0.35,India
31,Myra,53419.55,Pending,Health,34021.52,Standard,0.28,India
51,Vihaan,388206.55,Approved,Health,3297.22,Standard,0.14,India
42,Ananya,33789.07,Approved,Travel,24444.8,Standard,0.74,India
66,Aarav,277577.16,Rejected,Health,40480.57,Basic,0.96,India
21,Kabir,299524.66,Approved,Life,29696.4,Standard,0.01,India
69,Aarav,193692.38,Pending,Life,42933.9,Basic,0.67,India
21,Advait,250279.34,Approved,Life,5986.12,Standard,0.75,India
68,Kabir,273695,Pending,Car,6542.48,Basic,0.41,India
55,Diya,276446.95,Rejected,Health,33761.74,Gold,0.62,India
44,Vihaan,90730.95,Pending,Life,16908.9,Standard,0.59,India
31,Vihaan,251721.76,Pending,Car,28578.43,Premium,0.3,India
20,Vivaan,469306.94,Rejected,Health,27791.04,Basic,0.48,India
28,Myra,173934.28,Approved,Health,42968.62,Gold,0.59,India
62,Vivaan,235893.09,Rejected,Car,31340.62,Gold,0.18,India
45,Kabir,254214.1,Rejected,Car,24684.01,Standard,0.83,India
42,Diya,330189.29,Rejected,Life,39735.09,Basic,0.13,India
27,Vihaan,422220.93,Pending,Life,24915.94,Gold,0.4,India
43,Ishaan,177168.86,Pending,Life,18674.12,Basic,0.78,India
57,Myra,316064.34,Approved,Life,8828.83,Standard,0.14,India
53,Kabir,377736.27,Rejected,Car,47167.48,Basic,0.18,India
66,Aarav,415893.37,Rejected,Car,31770,Basic,0.9,India
44,Diya,359507.4,Pending,Health,27943.84,Basic,0.94,India
30,Aanya,111111.5,Approved,Health,10119.13,Basic,0.6,India
66,Myra,495347.46,Pending,Car,24965.75,Basic,0.1,India
61,Aanya,8038.21,Rejected,Car,22196.77,Premium,0.68,India
33,Vivaan,276416.25,Pending,Health,45100.47,Premium,0.31,India
44,Diya,239075.87,Rejected,Life,4564.05,Standard,0.13,India
37,Kabir,387959.99,Approved,Health,44522.99,Premium,0.83,India
22,Kabir,314078.65,Approved,Health,38196.12,Standard,0.36,India
21,Ishaan,244471.12,Rejected,Car,12466.77,Gold,0.42,India
67,Kabir,19681.06,Approved,Health,6340.46,Premium,0.79,India
20,Aanya,361317.29,Approved,Car,20544.52,Premium,0.82,India
57,Vihaan,92098.81,Approved,Car,37324.16,Gold,0.25,India
66,Aanya,416136.22,Approved,Car,41525.99,Standard,0.7,India
35,Vihaan,297687.45,Rejected,Car,21026.45,Standard,0.72,India
56,Vihaan,422075.81,Pending,Travel,46170.74,Premium,0.18,India
21,Diya,438896.69,Pending,Car,25691.39,Gold,0.92,India
29,Myra,133597.15,Rejected,Life,37432.03,Standard,0.38,India
37,Vivaan,444406.14,Pending,Health,34552.96,Standard,0.01,India
39,Advait,294109.39,Approved,Health,49536.37,Gold,0.06,India
62,Ishaan,261940.29,Pending,Health,48263.51,Premium,0.82,India
29,Kabir,367903.72,Approved,Travel,9153.5,Gold,0.57,India
19,Vihaan,76502.66,Rejected,Life,3206.04,Standard,0.3,India
26,Ananya,249712.74,Pending,Health,27433.08,Basic,0.04,India
18,Vihaan,112090.86,Pending,Health,44363.41,Premium,0.73,India
49,Aanya,367106.1,Pending,Life,12502.68,Basic,0.19,India
36,Advait,443901.86,Approved,Travel,39861,Premium,0.56,India
38,Ananya,147306.3,Pending,Life,39069.94,Standard,0.66,India
35,Myra,53450.85,Rejected,Car,22888.35,Gold,0.06,India
64,Ananya,320612.71,Approved,Car,19932.14,Basic,0.47,India
69,Ananya,294681.31,Approved,Health,21639.34,Premium,0.71,India
23,Aanya,136528.76,Rejected,Health,14109.7,Basic,0.44,India
61,Kabir,44443.8,Pending,Car,3088.65,Gold,0.84,India
42,Aanya,61602.89,Rejected,Car,9243.67,Standard,0.11,India
20,Myra,271564.7,Rejected,Car,47509.09,Standard,0.8,India
19,Ishaan,233771.89,Rejected,Life,24962.28,Premium,0.04,India
67,Ananya,359371.46,Rejected,Life,37943.42,Premium,0.88,India
22,Aarav,262256.6,Rejected,Car,6657.34,Premium,0.21,India
46,Ananya,149243.11,Rejected,Life,42472.26,Gold,0.65,India
53,Kabir,98564.93,Rejected,Health,35146.04,Standard,0.34,India
20,Advait,126846.51,Rejected,Car,43668.47,Premium,0.96,India
61,Kabir,92124.58,Approved,Travel,9236.99,Premium,1,India
69,Diya,432377.39,Rejected,Travel,35302.03,Premium,0.53,India
58,Ananya,204523.76,Rejected,Car,16596.93,Premium,0.88,India
45,Aanya,53988.15,Rejected,Travel,35759.76,Gold,0.82,India
49,Advait,9292.77,Approved,Car,47154.58,Premium,0.6,India
31,Kabir,42085.41,Approved,Health,19591.37,Standard,0.19,India
34,Vihaan,407478.27,Rejected,Travel,1333.11,Basic,0.72,India
25,Ananya,460462.17,Approved,Travel,22082.36,Standard,0.47,India
23,Diya,419538.41,Approved,Life,43184.17,Standard,0.74,India
28,Vihaan,434437.95,Pending,Health,45152.23,Basic,0.37,India
57,Aanya,224454.34,Approved,Car,37010.69,Gold,0.69,India
19,Ishaan,294602.59,Pending,Car,39848.67,Gold,0.39,India
45,Ananya,161944.06,Approved,Life,45693.5,Premium,0.86,India
49,Ishaan,88087.63,Approved,Car,11014.4,Gold,0.51,India
56,Advait,281924.23,Pending,Health,26526.05,Standard,0.47,India
35,Vivaan,147509.36,Approved,Health,45506.59,Standard,0.62,India
47,Ananya,261875.34,Pending,Health,47375.92,Premium,0.32,India
40,Myra,400277.49,Pending,Car,19289.09,Premium,0.44,India
50,Kabir,449295.75,Pending,Car,28136.47,Standard,0.09,India
33,Myra,113219.45,Approved,Car,14579.8,Gold,0.22,India
39,Vivaan,75468.27,Pending,Travel,19236.88,Standard,0.75,India
27,Vihaan,293201.9,Rejected,Car,44113.38,Premium,0.02,India
70,Myra,211000.23,Rejected,Health,38325.56,Premium,0,India
48,Ananya,144803.82,Approved,Travel,22307.03,Standard,0.37,India
60,Aanya,350000.85,Pending,Car,29531.47,Gold,0.99,India
22,Diya,97726.73,Rejected,Travel,1275.31,Premium,0.62,India
46,Vivaan,333656.97,Approved,Car,8706.92,Premium,0.63,India
48,Kabir,230923.19,Rejected,Car,40185.62,Premium,0.6,India
40,Diya,31572.64,Approved,Car,1427.39,Standard,0.94,India
65,Aanya,483066.19,Approved,Travel,22104.64,Premium,0.17,India
37,Aanya,435954,Rejected,Car,29617.46,Standard,0.66,India
51,Myra,307943.97,Approved,Car,15626.96,Standard,0.21,India
19,Ananya,387928.31,Pending,Travel,32955.13,Basic,0.65,India
50,Aanya,86729.15,Approved,Car,22909.64,Standard,0.19,India
40,Ananya,222628.63,Rejected,Travel,35643.91,Standard,0.8,India
55,Kabir,256168.9,Approved,Car,14818.63,Standard,0.48,India
29,Ishaan,145663.7,Pending,Health,9732.1,Basic,0.21,India
61,Ananya,176281.85,Rejected,Car,14919.28,Standard,0.01,India
58,Ananya,71504.15,Pending,Car,46733.12,Standard,0.74,India
28,Ishaan,165717.26,Pending,Life,28736.42,Premium,0.58,India
52,Vivaan,349604.78,Approved,Life,12215.18,Basic,0.65,India
57,Ishaan,424174.97,Approved,Travel,39995.46,Standard,0.58,India
54,Ishaan,259020.52,Rejected,Travel,31037.24,Premium,0.55,India
21,Myra,28521.99,Pending,Travel,8205.36,Gold,0.75,India
59,Ananya,36834.62,Rejected,Health,12141.97,Premium,0.55,India
46,Vihaan,228604.65,Pending,Health,18376.21,Premium,0.67,India
52,Aanya,418059.51,Approved,Travel,17657.23,Standard,0.92,India
28,Ananya,19023.64,Rejected,Health,19442.85,Basic,0.53,India
43,Diya,243218.51,Rejected,Health,26908.25,Premium,0.78,India
61,Ishaan,276189.73,Rejected,Car,24381.51,Basic,0.52,India
63,Advait,190931.59,Rejected,Life,1702.9,Premium,0.14,India
41,Advait,20504.52,Approved,Travel,2487.51,Basic,0.35,India
38,Advait,367550.55,Approved,Car,29664.32,Standard,0.31,India
25,Diya,334776.5,Rejected,Travel,16991.76,Basic,0.45,India
32,Vivaan,158077.38,Rejected,Car,42067.18,Gold,0.9,India
42,Advait,189391.72,Pending,Health,35407.44,Basic,0.59,India
59,Advait,417840.46,Pending,Car,29453.52,Standard,0.37,India
59,Ishaan,163509.52,Rejected,Car,23477.6,Basic,0.28,India
45,Vihaan,145548.58,Approved,Life,38860.56,Gold,0.04,India
28,Vihaan,198667.15,Rejected,Travel,2746.16,Gold,0.43,India
38,Vihaan,280124.06,Approved,Car,23875.16,Premium,0.15,India
42,Ananya,191808.45,Rejected,Car,15307.26,Basic,0.12,India
32,Vivaan,95483.84,Pending,Travel,42187.53,Standard,0.03,India
19,Vivaan,34277.81,Approved,Health,17953.7,Premium,0.24,India
58,Kabir,362841.72,Approved,Health,40364.98,Gold,0.24,India
23,Kabir,452034.87,Rejected,Travel,15028.9,Basic,0.89,India
23,Advait,124485.57,Approved,Car,10565.71,Standard,0.29,India
68,Aarav,159980.58,Pending,Health,1203.48,Premium,0.71,India
34,Kabir,111286.16,Rejected,Car,44764.35,Gold,0.02,India
33,Myra,80964.18,Rejected,Life,30342.51,Gold,0.34,India
46,Ananya,383441.14,Approved,Life,19336.87,Basic,0.37,India
19,Kabir,275168.15,Approved,Health,6045.97,Basic,0.15,India
50,Ananya,67017.72,Pending,Life,21212.52,Standard,0.08,India
62,Vihaan,141842.49,Rejected,Life,41904.93,Premium,0.77,India
22,Vihaan,424744.96,Pending,Travel,24643.02,Premium,0.06,India
50,Advait,122551.58,Rejected,Car,11186.37,Gold,0.65,India
44,Myra,215296.24,Approved,Life,46527.54,Standard,0.68,India
48,Diya,91800.01,Rejected,Travel,7331.48,Premium,0.91,India
39,Diya,478867.31,Pending,Life,49294.08,Premium,0.05,India
43,Advait,46188.42,Rejected,Travel,34786.29,Standard,0.87,India
50,Ishaan,216700.42,Rejected,Travel,33202.21,Basic,0.8,India
33,Aanya,441286.48,Rejected,Car,38146.62,Premium,0.08,India
56,Kabir,394460.81,Rejected,Life,18268.96,Basic,0.34,India
63,Aarav,467577.07,Rejected,Car,3389.85,Standard,0.53,India
23,Vihaan,324226.79,Rejected,Health,39353.34,Gold,0.27,India
65,Aarav,466246.44,Rejected,Car,26693.01,Gold,0.71,India
35,Vihaan,270436.07,Rejected,Car,41994.96,Gold,0.65,India
58,Vivaan,298438.26,Approved,Travel,1363.31,Gold,0.58,India
26,Vihaan,452948.44,Approved,Life,25119.53,Premium,0.74,India
50,Myra,372645.16,Rejected,Travel,27869.59,Gold,0.55,India
33,Aarav,77913.21,Rejected,Car,46900.8,Premium,0.31,India
21,Kabir,183414.96,Approved,Car,46172.94,Gold,0.84,India
66,Aanya,74836.99,Rejected,Health,26170.39,Gold,0.53,India
20,Ananya,294410.36,Approved,Life,3627.43,Basic,0.47,India
42,Diya,81983.43,Approved,Car,49564.4,Standard,0.43,India
68,Aanya,226470.39,Rejected,Life,15123.7,Standard,0.14,India
44,Diya,133211.9,Rejected,Car,37589.85,Premium,0.91,India
41,Advait,367808.84,Approved,Life,23759.12,Premium,0.68,India
44,Myra,485302.38,Approved,Life,36494.5,Gold,0.38,India
37,Aanya,245987.27,Approved,Life,14686.1,Premium,0.66,India
59,Ananya,36991.48,Rejected,Life,48602.97,Premium,0.83,India
60,Kabir,478471.12,Approved,Travel,49005.93,Gold,0.62,India
68,Diya,218567.46,Approved,Car,29808.34,Gold,0.56,India
62,Advait,419310.41,Rejected,Health,35763.06,Gold,0.04,India
34,Aanya,105165.35,Approved,Life,32448.99,Gold,0.89,India
51,Aarav,139897.86,Approved,Life,3148.76,Gold,0.45,India
32,Aanya,174578.61,Pending,Travel,44183.85,Standard,0.09,India
37,Aarav,94936.6,Rejected,Travel,46503.15,Basic,0.2,India
34,Kabir,497246.06,Approved,Car,35356.16,Basic,0.08,India
22,Myra,391008.62,Approved,Life,8527.74,Premium,0.49,India
60,Vihaan,308594.27,Rejected,Car,46625.63,Standard,0.39,India
57,Vihaan,311422.71,Pending,Travel,48710.64,Gold,0.86,India
19,Diya,156165.84,Rejected,Car,9852.89,Gold,0.46,India
46,Diya,465210.23,Approved,Health,36214.07,Premium,0.69,India
54,Ananya,46909.76,Pending,Car,14802.33,Premium,0.77,India
46,Ishaan,61910.09,Approved,Life,17768.52,Basic,0.25,India
42,Ananya,384518.58,Rejected,Health,46382.05,Basic,0.87,India
47,Aanya,19728.93,Rejected,Car,1977.57,Premium,0.77,India
35,Ananya,286516.17,Rejected,Travel,11492.7,Gold,0.87,India
27,Vivaan,124878.08,Pending,Car,35918.33,Premium,0.3,India
64,Vihaan,97770.75,Rejected,Car,13110.91,Gold,0.2,India
55,Advait,121260.89,Approved,Health,32993.85,Basic,0.14,India
70,Vivaan,7980.76,Rejected,Car,11566.21,Standard,0.99,India
31,Vivaan,306041.63,Rejected,Health,42534.07,Basic,0.67,India
61,Ananya,290550.89,Pending,Travel,14458.62,Basic,0.12,India
58,Aarav,440316.58,Approved,Life,47123.44,Gold,0.95,India
52,Vivaan,372558.29,Rejected,Travel,5453.79,Standard,0.67,India
51,Ishaan,179459.37,Approved,Car,14737.51,Premium,0.61,India
68,Aarav,299001.81,Rejected,Life,49746.52,Premium,0.11,India
60,Advait,425383.2,Rejected,Health,4898.46,Premium,0.95,India
48,Ishaan,348079.97,Rejected,Life,24966.58,Standard,0.83,India
30,Ananya,341588.86,Rejected,Car,10725.26,Basic,0.93,India
21,Kabir,103107.95,Pending,Car,32009.02,Basic,0.83,India
51,Aarav,438840.07,Approved,Health,46685.14,Standard,0.76,India
28,Myra,123985.45,Approved,Health,22703.1,Standard,0.71,India
55,Vihaan,303405.14,Rejected,Health,47369.26,Gold,0.64,India
51,Kabir,432812.65,Approved,Car,46775.61,Standard,0.7,India
67,Aanya,225518.18,Pending,Car,2896.32,Premium,0.75,India
67,Ishaan,149358.33,Rejected,Life,12429.16,Premium,0.87,India
59,Aarav,148715.64,Rejected,Car,28770.55,Gold,0.93,India
26,Kabir,462243.56,Rejected,Travel,43253.65,Premium,0.93,India
62,Myra,329990.16,Approved,Life,30127.17,Basic,0.17,India
48,Ishaan,113760.78,Rejected,Travel,36011.98,Basic,0.37,India
46,Aanya,58111.63,Approved,Health,15795.32,Gold,0.54,India
52,Ishaan,437697.16,Rejected,Health,47823.4,Standard,0.13,India
22,Aanya,313195.24,Approved,Car,16809.04,Basic,0.18,India
45,Diya,278508.31,Rejected,Car,9171.21,Gold,0.81,India
32,Kabir,447265.61,Approved,Travel,16555.11,Basic,0.56,India
42,Aarav,307184.59,Pending,Life,11830.94,Basic,0.91,India
51,Aarav,35431.4,Rejected,Life,42705.37,Premium,0.23,India
45,Kabir,251308.09,Pending,Health,3531.28,Standard,0.51,India
58,Ishaan,372719.5,Approved,Travel,42890.16,Basic,0.98,India
40,Ananya,145868.03,Pending,Life,20492.56,Standard,0.45,India
53,Aanya,227326.86,Approved,Health,38054.88,Standard,0.8,India
33,Kabir,399514.37,Approved,Health,11958.26,Premium,0.02,India
68,Advait,140300.01,Approved,Life,35911.04,Premium,0.91,India
49,Vihaan,181368.81,Rejected,Life,10916.31,Gold,0.64,India
61,Myra,484281.46,Pending,Travel,45022.48,Gold,0.77,India
20,Kabir,163447.66,Rejected,Travel,21776.46,Standard,0.88,India
27,Aanya,437107.56,Rejected,Car,38767.15,Standard,0.67,India
63,Vihaan,73526.52,Rejected,Life,30650.82,Standard,0.89,India
22,Diya,57406.51,Rejected,Travel,11702.72,Standard,0.4,India
43,Ishaan,126218.63,Pending,Car,42040.04,Premium,0.5,India
26,Aarav,386054.74,Pending,Life,38380.29,Gold,0.51,India
32,Ishaan,75222.23,Pending,Car,23241.78,Standard,0.67,India
38,Advait,456541.73,Rejected,Car,20162.55,Premium,0.4,India
36,Ananya,64770.73,Rejected,Health,25170.3,Premium,0.62,India
20,Vivaan,181620.38,Pending,Car,36486.7,Premium,0.09,India
57,Ananya,45121.87,Rejected,Health,17999.12,Standard,0.46,India
64,Vihaan,133630.62,Rejected,Life,48487.9,Basic,0.82,India
27,Ishaan,449160.9,Pending,Car,7611.14,Premium,0.72,India
54,Kabir,155263.62,Approved,Travel,10639.13,Standard,0.63,India
39,Vihaan,113909.62,Pending,Health,38181.69,Premium,0.98,India
43,Advait,44161.93,Pending,Life,37937.76,Standard,0.04,India
51,Ananya,330082.7,Pending,Travel,30268.2,Premium,0.48,India
46,Ananya,236549.49,Rejected,Health,25310.11,Premium,0.38,India
55,Ananya,334855.32,Rejected,Car,27441.87,Premium,0.44,India
48,Ishaan,103701.08,Rejected,Life,15425.4,Standard,0.71,India
59,Diya,401875.97,Pending,Life,39583.91,Gold,0.5,India
52,Diya,317727.06,Approved,Car,34622.73,Gold,0.43,India
58,Myra,158797.77,Rejected,Health,37194.37,Premium,0.97,India
56,Aarav,384252.77,Rejected,Car,41117.49,Basic,0.48,India
20,Myra,35674.47,Pending,Car,8547.54,Gold,0.73,India
67,Myra,399986.55,Approved,Car,31805.93,Basic,0.27,India
41,Ananya,231973.51,Approved,Health,3708.51,Gold,0.47,India
21,Ishaan,85448.03,Rejected,Life,41743.51,Basic,0.06,India
44,Myra,390242.43,Pending,Travel,23544.89,Gold,0.48,India
61,Ananya,18118.19,Pending,Travel,4954.8,Standard,0.41,India
21,Kabir,176415.21,Rejected,Travel,15300.81,Premium,0.11,India
29,Vihaan,409654.72,Pending,Life,8098.83,Premium,0.8,India
24,Vihaan,365078.2,Rejected,Travel,32222.28,Standard,0.9,India
33,Kabir,475641.07,Pending,Car,31705.88,Gold,0.7,India
50,Diya,400524.81,Approved,Life,43016.3,Standard,0.77,India
70,Kabir,429858.83,Rejected,Car,5780.22,Basic,0.67,India
51,Ananya,415510.34,Approved,Car,18804.68,Premium,0.06,India
38,Ishaan,310854.73,Pending,Life,33352.91,Premium,0.16,India
20,Myra,224336.52,Rejected,Car,6206.54,Gold,0.98,India
28,Kabir,312784.22,Approved,Car,8952.18,Premium,0.86,India
24,Ishaan,212420.65,Approved,Car,33046.92,Premium,0.63,India
54,Ananya,403406.82,Approved,Health,38908.78,Standard,0.09,India
57,Aanya,495188.13,Pending,Life,9832.86,Premium,0.43,India
24,Advait,103340.07,Rejected,Life,32479.87,Gold,0.93,India
38,Aanya,121808.92,Pending,Life,39808.75,Gold,0.48,India
42,Aanya,84599.34,Pending,Health,34368.54,Gold,0.26,India
41,Ishaan,281950.24,Rejected,Car,40864.4,Gold,0.42,India
69,Ananya,137249.3,Rejected,Travel,18886.6,Basic,1,India
38,Ishaan,435057.67,Pending,Life,9877.86,Gold,0.04,India
62,Diya,379686.7,Rejected,Health,33114.47,Premium,0.73,India
34,Myra,390483.24,Pending,Travel,19498.48,Gold,0.42,India
21,Vihaan,471468.8,Rejected,Life,41591.05,Basic,0.96,India
69,Ishaan,190737.4,Rejected,Life,12968.88,Standard,0.49,India
20,Ananya,436450.08,Approved,Car,13686.94,Gold,0.04,India
35,Aarav,47693.12,Approved,Travel,27568.8,Basic,0.04,India
62,Diya,117475.32,Rejected,Travel,27685.14,Premium,0.2,India
54,Ishaan,423671.22,Pending,Health,49504.02,Gold,0.44,India
28,Aanya,279713.99,Pending,Health,14016.45,Premium,0.78,India
26,Diya,461443.67,Rejected,Health,15409.77,Gold,0.09,India
50,Diya,20569.02,Rejected,Car,6933.36,Basic,0.43,India
67,Ananya,470442.98,Rejected,Travel,33853.87,Premium,0.04,India
46,Ananya,28300.34,Rejected,Car,6004.89,Basic,0.66,India
58,Ishaan,98980.49,Approved,Car,13651.24,Basic,0.64,India
69,Vihaan,429276.66,Approved,Car,46705.95,Basic,0.77,India
20,Myra,168696.59,Pending,Life,41713.94,Gold,0.26,India
